hrl_ppo,instance_m10_j20_s3,"{'total_cost': 7145.6840928372885, 'production_cost': 6610.0, 'transportation_cost': 535.6840928372885, 'computation_time': 34.331210136413574}",{}
hrl_ppo,instance_m10_j20_s1,"{'total_cost': 7296.836918118893, 'production_cost': 6980.0, 'transportation_cost': 316.83691811889275, 'computation_time': 34.96546196937561}",{}
hrl_ppo,instance_m10_j20_s2,"{'total_cost': 7624.3085952325255, 'production_cost': 7270.0, 'transportation_cost': 354.3085952325255, 'computation_time': 40.20037317276001}",{}
hrl_ppo,instance_m10_j20_s3,"{'total_cost': 6798.614709171554, 'production_cost': 6310.0, 'transportation_cost': 488.61470917155384, 'computation_time': 39.185380697250366}",{}
hrl_ppo,instance_m10_j20_s1,"{'total_cost': 6978.8420294657635, 'production_cost': 6820.0, 'transportation_cost': 158.84202946576352, 'computation_time': 41.822768211364746}",{}
hrl_ppo,instance_m10_j20_s2,"{'total_cost': 7484.379701598118, 'production_cost': 7210.0, 'transportation_cost': 274.3797015981181, 'computation_time': 55.44355607032776}",{}
hrl_ppo,instance_m10_j20_s3,"{'total_cost': 6904.224756581882, 'production_cost': 6350.0, 'transportation_cost': 554.2247565818816, 'computation_time': 249.86314964294434}",{}
hrl_ppo,instance_m10_j20_s2,"{'total_cost': 7849.868021712187, 'production_cost': 7590.0, 'transportation_cost': 259.8680217121873, 'computation_time': 808.4336249828339}",{}
hrl_ppo,instance_m10_j20_s1,"{'total_cost': 6932.27238296598, 'production_cost': 6830.0, 'transportation_cost': 102.27238296597989, 'computation_time': 1183.8241817951202}",{}
hrl_ppo,instance_m10_j20_s3,"{'total_cost': 7319.0872201293305, 'production_cost': 6610.0, 'transportation_cost': 709.0872201293305, 'computation_time': 1229.0233912467957}",{}
hrl_ppo,instance_m10_j20_s3,"{'total_cost': 7354.224756581882, 'production_cost': 6830.0, 'transportation_cost': 524.2247565818816, 'computation_time': 182.84636211395264}",{}
hrl_ppo,instance_m10_j20_s1,"{'total_cost': 6808.8420294657635, 'production_cost': 6750.0, 'transportation_cost': 58.84202946576352, 'computation_time': 191.1158332824707}",{}
hrl_ppo,instance_m10_j20_s2,"{'total_cost': 7908.322887992228, 'production_cost': 7600.0, 'transportation_cost': 308.32288799222806, 'computation_time': 252.06814694404602}",{}
hrl_ppo,instance_m10_j20_s3,"{'total_cost': 7068.363523913353, 'production_cost': 6670.0, 'transportation_cost': 398.36352391335276, 'computation_time': 159.97143721580505}",{}
hrl_ppo,instance_m10_j20_s1,"{'total_cost': 6825.047519685711, 'production_cost': 6560.0, 'transportation_cost': 265.04751968571145, 'computation_time': 165.72734904289246}",{}
hrl_ppo,instance_m10_j20_s2,"{'total_cost': 7869.868021712187, 'production_cost': 7750.0, 'transportation_cost': 119.86802171218733, 'computation_time': 194.65031623840332}",{}
hrl_ppo,instance_m10_j20_s3,"{'total_cost': 7152.624897918061, 'production_cost': 6380.0, 'transportation_cost': 772.6248979180609, 'computation_time': 1974.3271811008453}",{}
hrl_ppo,instance_m10_j20_s1,"{'total_cost': 6632.042765781228, 'production_cost': 6590.0, 'transportation_cost': 42.0427657812279, 'computation_time': 1993.0597760677338}",{}
hrl_ppo,instance_m10_j20_s2,"{'total_cost': 7799.619506865533, 'production_cost': 7500.0, 'transportation_cost': 299.61950686553337, 'computation_time': 2055.8037197589874}",{}
hrl_ppo,instance_m10_j20_s3,"{'total_cost': 7303.9735713236805, 'production_cost': 6840.0, 'transportation_cost': 463.9735713236805, 'computation_time': 94.27172303199768}",{}
hrl_ppo,instance_m10_j20_s1,"{'total_cost': 7189.612054838624, 'production_cost': 6900.0, 'transportation_cost': 289.6120548386243, 'computation_time': 96.59649896621704}",{}
hrl_ppo,instance_m10_j20_s2,"{'total_cost': 7690.916125738839, 'production_cost': 7400.0, 'transportation_cost': 290.9161257388387, 'computation_time': 111.70948100090027}",{}
hrl_ppo,instance_m10_j20_s3,"{'total_cost': 7164.224756581882, 'production_cost': 6650.0, 'transportation_cost': 514.2247565818816, 'computation_time': 144.83888983726501}",{}
hrl_ppo,instance_m10_j20_s1,"{'total_cost': 7007.856291179213, 'production_cost': 6880.0, 'transportation_cost': 127.85629117921326, 'computation_time': 154.29902124404907}",{}
hrl_ppo,instance_m10_j20_s2,"{'total_cost': 7666.86627979634, 'production_cost': 7370.0, 'transportation_cost': 296.86627979633977, 'computation_time': 182.8390519618988}",{}
hrl_ppo,instance_m10_j20_s3,"{'total_cost': 7296.892243834494, 'production_cost': 6530.0, 'transportation_cost': 766.8922438344944, 'computation_time': 72.25009894371033}",{}
hrl_ppo,instance_m10_j20_s1,"{'total_cost': 7168.16708218257, 'production_cost': 7110.0, 'transportation_cost': 58.167082182570084, 'computation_time': 72.65627408027649}",{}
hrl_ppo,instance_m10_j20_s2,"{'total_cost': 8126.901832979136, 'production_cost': 7790.0, 'transportation_cost': 336.9018329791361, 'computation_time': 82.9563238620758}",{}
hrl_ppo,instance_m10_j20_s3,"{'total_cost': 6948.614709171554, 'production_cost': 6470.0, 'transportation_cost': 478.61470917155384, 'computation_time': 107.65164399147034}",{}
hrl_ppo,instance_m10_j20_s1,"{'total_cost': 6898.8420294657635, 'production_cost': 6780.0, 'transportation_cost': 118.84202946576352, 'computation_time': 116.67710399627686}",{}
hrl_ppo,instance_m10_j20_s2,"{'total_cost': 7745.2678163021865, 'production_cost': 7190.0, 'transportation_cost': 555.2678163021865, 'computation_time': 139.81519722938538}",{}
hrl_ppo,instance_m10_j20_s3,"{'total_cost': 7130.429921623225, 'production_cost': 6590.0, 'transportation_cost': 540.4299216232248, 'computation_time': 239.7532618045807}",{}
hrl_ppo,instance_m10_j20_s1,"{'total_cost': 6985.884814606114, 'production_cost': 6750.0, 'transportation_cost': 235.88481460611365, 'computation_time': 252.0128197669983}",{}
hrl_ppo,instance_m10_j20_s2,"{'total_cost': 7449.122119739305, 'production_cost': 7220.0, 'transportation_cost': 229.12211973930516, 'computation_time': 294.32062220573425}",{}
hrl_ppo,instance_m10_j20_s1,"{'total_cost': 6782.157574373604, 'production_cost': 6750.0, 'transportation_cost': 32.15757437360389, 'computation_time': 61.97917985916138}",{}
hrl_ppo,instance_m10_j20_s1,"{'total_cost': 7122.454461105898, 'production_cost': 7190.0, 'transportation_cost': -67.54553889410181, 'computation_time': 67.60712504386902}",{}
hrl_ppo,instance_m10_j20_s1,"{'total_cost': 6889.382437653872, 'production_cost': 6850.0, 'transportation_cost': 39.38243765387233, 'computation_time': 73.10266876220703}",{}
hrl_ppo,instance_m10_j20_s1,"{'total_cost': 7007.329787262168, 'production_cost': 6770.0, 'transportation_cost': 237.32978726216788, 'computation_time': 66.21421885490417}",{}
hrl_ppo,instance_m10_j20_s1,"{'total_cost': 7125.277136870463, 'production_cost': 6960.0, 'transportation_cost': 165.27713687046344, 'computation_time': 67.83629107475281}",{}
hrl_ppo,instance_m10_j20_s1,"{'total_cost': 7128.8420294657635, 'production_cost': 7160.0, 'transportation_cost': -31.157970534236483, 'computation_time': 73.65658903121948}",{}
hrl_ppo,instance_m10_j20_s1,"{'total_cost': 7243.224486478758, 'production_cost': 6950.0, 'transportation_cost': 293.2244864787581, 'computation_time': 62.865262031555176}",{}
hrl_ppo,instance_m10_j20_s3,"{'total_cost': 7063.844992738717, 'production_cost': 6660.0, 'transportation_cost': 403.84499273871734, 'computation_time': 164.99998998641968}",{}
hrl_ppo,instance_m10_j20_s1,"{'total_cost': 6782.157574373604, 'production_cost': 6720.0, 'transportation_cost': 62.15757437360389, 'computation_time': 172.623193025589}",{}
hrl_ppo,instance_m10_j20_s2,"{'total_cost': 7683.384927345662, 'production_cost': 7500.0, 'transportation_cost': 183.3849273456617, 'computation_time': 197.2625138759613}",{}
hrl_ppo,instance_m10_j20_s1,"{'total_cost': 6599.875306797147, 'production_cost': 6390.0, 'transportation_cost': 209.87530679714655, 'computation_time': 884.3047921657562}",{}
hrl_ppo,instance_m10_j20_s3,"{'total_cost': 6998.847978694579, 'production_cost': 6320.0, 'transportation_cost': 678.8479786945791, 'computation_time': 892.3521199226379}",{}
hrl_ppo,instance_m10_j20_s2,"{'total_cost': 7957.452549879559, 'production_cost': 7490.0, 'transportation_cost': 467.45254987955923, 'computation_time': 969.2116968631744}",{}
hrl_ppo,instance_m10_j60_s6,"{'total_cost': 16718.86251021592, 'production_cost': 14620.0, 'transportation_cost': 2098.8625102159203, 'computation_time': 2992.76104593277}",{}
hrl_ppo,instance_m10_j60_s5,"{'total_cost': 21999.357824353214, 'production_cost': 20090.0, 'transportation_cost': 1909.3578243532138, 'computation_time': 3752.9995090961456}",{}
hrl_ppo,instance_m10_j60_s4,"{'total_cost': 21255.50786774225, 'production_cost': 17890.0, 'transportation_cost': 3365.50786774225, 'computation_time': 3760.900444984436}",{}
hrl_ppo,instance_m10_j100_s8,"{'total_cost': np.float64(27517.125081402122), 'production_cost': 24830.0, 'transportation_cost': np.float64(2687.1250814021223), 'computation_time': 11696.48936700821}",{}
hrl_ppo,instance_m10_j100_s9,"{'total_cost': np.float64(30312.822245861742), 'production_cost': 27900.0, 'transportation_cost': np.float64(2412.822245861742), 'computation_time': 13424.844298124313}",{}
hrl_ppo,instance_m10_j100_s7,"{'total_cost': np.float64(34052.02903658651), 'production_cost': 30070.0, 'transportation_cost': np.float64(3982.0290365865076), 'computation_time': 13486.396391391754}",{}
hrl_ppo,instance_m10_j140_s10,"{'total_cost': np.float64(39149.20409823253), 'production_cost': 35470.0, 'transportation_cost': np.float64(3679.204098232527), 'computation_time': 20417.27317214012}",{}
hrl_ppo,instance_m10_j140_s12,"{'total_cost': np.float64(47503.41354561756), 'production_cost': 40080.0, 'transportation_cost': np.float64(7423.413545617557), 'computation_time': 21565.770448207855}",{}
hrl_ppo,instance_m10_j140_s11,"{'total_cost': np.float64(43695.90444475798), 'production_cost': 38280.0, 'transportation_cost': np.float64(5415.90444475798), 'computation_time': 22295.614290237427}",{}
hrl_ppo,instance_m20_j20_s15,"{'total_cost': np.float64(5894.658179526587), 'production_cost': 5660.0, 'transportation_cost': np.float64(234.65817952658745), 'computation_time': 672.6646695137024}",{}
hrl_ppo,instance_m20_j20_s13,"{'total_cost': 6227.016119837296, 'production_cost': 6050.0, 'transportation_cost': 177.01611983729617, 'computation_time': 1152.7937059402466}",{}
hrl_ppo,instance_m20_j20_s14,"{'total_cost': 5511.705488365497, 'production_cost': 5210.0, 'transportation_cost': 301.70548836549733, 'computation_time': 1174.1732695102692}",{}
hrl_ppo,instance_m20_j60_s17,"{'total_cost': np.float64(12203.65640887569), 'production_cost': 10760.0, 'transportation_cost': np.float64(1443.6564088756895), 'computation_time': 2524.270150899887}",{}
hrl_ppo,instance_m20_j60_s16,"{'total_cost': np.float64(11699.685251916864), 'production_cost': 9600.0, 'transportation_cost': np.float64(2099.685251916864), 'computation_time': 3485.493149280548}",{}
hrl_ppo,instance_m20_j60_s18,"{'total_cost': np.float64(10977.566580319492), 'production_cost': 9820.0, 'transportation_cost': np.float64(1157.5665803194915), 'computation_time': 3605.326076745987}",{}
hrl_ppo,instance_m30_j20_s25,"{'total_cost': 5775.186184579279, 'production_cost': 5280.0, 'transportation_cost': 495.18618457927914, 'computation_time': 1024.821276664734}",{}
hrl_ppo,instance_m30_j20_s26,"{'total_cost': 5418.465894250167, 'production_cost': 5380.0, 'transportation_cost': 38.465894250167366, 'computation_time': 1322.0717589855194}",{}
hrl_ppo,instance_m30_j20_s27,"{'total_cost': 5595.003917984664, 'production_cost': 5280.0, 'transportation_cost': 315.00391798466444, 'computation_time': 1363.8842508792877}",{}
hrl_ppo,instance_m20_j100_s20,"{'total_cost': np.float64(18774.325666844175), 'production_cost': 16190.0, 'transportation_cost': np.float64(2584.3256668441754), 'computation_time': 4878.586524963379}",{}
hrl_ppo,instance_m20_j100_s19,"{'total_cost': np.float64(18208.77575004611), 'production_cost': 15630.0, 'transportation_cost': np.float64(2578.7757500461084), 'computation_time': 5074.226845741272}",{}
hrl_ppo,instance_m20_j100_s21,"{'total_cost': np.float64(19004.57441775649), 'production_cost': 15830.0, 'transportation_cost': np.float64(3174.5744177564884), 'computation_time': 6926.6447076797485}",{}
hrl_ppo,instance_m30_j60_s30,"{'total_cost': np.float64(9103.258538958267), 'production_cost': 8090.0, 'transportation_cost': np.float64(1013.2585389582673), 'computation_time': 3590.9786598682404}",{}
hrl_ppo,instance_m30_j60_s29,"{'total_cost': 9248.938514099114, 'production_cost': 7790.0, 'transportation_cost': 1458.9385140991144, 'computation_time': 3611.608966112137}",{}
hrl_ppo,instance_m30_j60_s28,"{'total_cost': np.float64(9652.980755566421), 'production_cost': 8650.0, 'transportation_cost': np.float64(1002.9807555664211), 'computation_time': 3731.415031194687}",{}
hrl_ppo,instance_m20_j140_s24,"{'total_cost': np.float64(25242.92079972998), 'production_cost': 22740.0, 'transportation_cost': np.float64(2502.920799729982), 'computation_time': 9122.417017936707}",{}
hrl_ppo,instance_m20_j140_s22,"{'total_cost': np.float64(22794.448628342852), 'production_cost': 19460.0, 'transportation_cost': np.float64(3334.4486283428523), 'computation_time': 11124.205184221268}",{}
hrl_ppo,instance_m20_j140_s23,"{'total_cost': np.float64(24472.953013015827), 'production_cost': 21420.0, 'transportation_cost': np.float64(3052.9530130158273), 'computation_time': 12229.566758155823}",{}
hrl_ppo,instance_m30_j100_s33,"{'total_cost': np.float64(13932.459340655552), 'production_cost': 11730.0, 'transportation_cost': np.float64(2202.4593406555523), 'computation_time': 3441.0518815517426}",{}
hrl_ppo,instance_m30_j100_s31,"{'total_cost': np.float64(13265.941147207554), 'production_cost': 9840.0, 'transportation_cost': np.float64(3425.9411472075535), 'computation_time': 4898.86736702919}",{}
hrl_ppo,instance_m30_j100_s32,"{'total_cost': np.float64(13239.000482692629), 'production_cost': 11140.0, 'transportation_cost': np.float64(2099.000482692629), 'computation_time': 5473.242578268051}",{}
hrl_ppo,instance_m30_j140_s36,"{'total_cost': np.float64(16840.69309397184), 'production_cost': 13120.0, 'transportation_cost': np.float64(3720.6930939718404), 'computation_time': 5393.952799797058}",{}
hrl_ppo,instance_m30_j140_s35,"{'total_cost': np.float64(15491.713575229987), 'production_cost': 12670.0, 'transportation_cost': np.float64(2821.7135752299873), 'computation_time': 7633.124250173569}",{}
hrl_ppo,instance_m30_j140_s34,"{'total_cost': np.float64(17334.875556988456), 'production_cost': 13180.0, 'transportation_cost': np.float64(4154.875556988456), 'computation_time': 8251.49379658699}",{}
DQN_Algorithm,instance_m10_j20_s2,"{'total_cost': 9506.262590554643, 'production_cost': 8640.0, 'transportation_cost': 866.2625905546429, 'computation_time': 0.5764589309692383, 'transport_feasible': True}","{'reward_curve': [113240.09523809524, 123300.19047619047, 116865.2380952381, 119003.33333333327, 115790.0]}"
PPO_Algorithm,instance_m10_j20_s2,"{'total_cost': 11935.749901281852, 'production_cost': 10510.0, 'transportation_cost': 1425.7499012818525, 'computation_time': 0.9772810935974121, 'transport_feasible': True}","{'reward_curve': [106966.90476190478, 106966.90476190478, 106966.90476190478, 106966.90476190478, 106966.90476190478]}"
DQN_Algorithm,instance_m10_j20_s1,"{'total_cost': 7886.57366616037, 'production_cost': 7280.0, 'transportation_cost': 606.5736661603695, 'computation_time': 327.8295781612396, 'transport_feasible': True}","{'reward_curve': [64042.80952380954, 68198.80952380948, 70523.66666666673, 60904.19047619047, 71257.71428571422, 66753.85714285714, 73710.38095238098, 68465.09523809528, 64204.19047619047, 65003.428571428565, 65312.95238095235, 62062.71428571432, 66925.85714285713, 72791.80952380951, 74724.14285714281, 61873.47619047627, 68864.14285714293, 64381.8095238095, 71696.6666666666, 72301.23809523805, 64063.380952381005, 69811.8095238095, 70301.09523809522, 68706.99999999999, 65511.142857142826, 79231.14285714286, 61914.76190476188, 69778.23809523808, 66279.8095238096, 62276.238095238135, 62039.38095238093, 67813.23809523808, 73023.80952380951, 68755.99999999999, 66681.2380952381, 69688.90476190475, 72468.28571428565, 65467.38095238096, 69047.76190476191, 62825.57142857139, 63541.76190476191, 60802.42857142852, 65482.52380952379, 60181.42857142858, 60986.857142857174, 77121.2857142858, 72292.0952380953, 73398.95238095237, 64398.52380952383, 66468.52380952385, 73498.47619047617, 68273.5238095238, 64344.80952380953, 65652.42857142861, 66074.8095238095, 67425.09523809528, 66646.90476190476, 64201.04761904765, 73255.5238095238, 66658.42857142858, 70784.99999999997, 66563.42857142862, 66019.09523809528, 73003.47619047624, 64069.5238095238, 65286.952380952396, 65619.5714285714, 67034.5714285715, 63174.28571428571, 63865.47619047621, 67542.04761904759, 63985.04761904762, 62760.61904761904, 63429.71428571426, 68013.80952380957, 69760.95238095237, 60488.714285714304, 64896.42857142855, 72531.76190476198, 62128.3809523809, 70895.19047619049, 69649.95238095243, 68224.09523809525, 73554.04761904766, 70577.61904761908, 68655.9523809524, 71494.95238095237, 69917.09523809524, 65049.047619047604, 65676.61904761902, 66363.42857142861, 66386.14285714286, 62034.761904761894, 73242.19047619046, 65725.85714285713, 72274.57142857143, 71157.04761904763, 67623.14285714288, 73425.19047619047, 73452.19047619049, 71311.52380952382, 72550.23809523814, 75099.52380952382, 71071.04761904759, 72041.09523809528, 74734.5714285714, 65819.71428571426, 69363.19047619058, 77507.80952380948, 67546.85714285713, 68668.66666666672, 67383.61904761905, 73225.80952380953, 64614.857142857145, 67092.9523809523, 73325.85714285714, 78628.33333333339, 69452.0476190476, 69753.33333333334, 74207.57142857143, 69477.76190476201, 77934.90476190476, 72443.61904761911, 70963.04761904759, 72020.47619047615, 73960.47619047617, 69312.76190476192, 69199.28571428571, 71020.00000000001, 72944.66666666658, 73853.5238095238, 70198.04761904759, 63343.71428571432, 64968.90476190475, 75349.04761904766, 70342.09523809522, 73363.28571428572, 75570.04761904765, 73696.95238095237, 67827.61904761907, 69401.61904761907, 73645.80952380956, 73739.47619047617, 70337.76190476191, 69680.90476190482, 64052.42857142858, 84133.5714285714, 75504.33333333336, 69562.09523809522, 76896.38095238092, 67828.76190476186, 73723.42857142852, 63094.52380952382, 75159.09523809521, 71042.61904761905, 66857.66666666663, 79564.52380952385, 67369.66666666669, 69523.47619047614, 69164.19047619053, 83581.47619047621, 68788.95238095234, 75783.76190476197, 70760.0000000001, 71278.09523809528, 75154.33333333331, 80558.6666666667, 81863.61904761902, 74145.61904761904, 64933.19047619043, 71466.38095238105, 64708.28571428568, 72123.33333333331, 76598.57142857146, 76167.85714285716, 79303.14285714288, 82080.66666666663, 80034.95238095243, 75176.1904761905, 71239.57142857143, 74339.61904761907, 65785.4761904762, 73630.42857142857, 72741.38095238096, 72827.66666666664, 74166.71428571432, 81577.1904761904, 76801.66666666673, 76415.23809523821, 75494.57142857145, 73300.85714285713, 76801.66666666673, 81562.2857142857, 79457.61904761905, 73040.28571428574, 71061.38095238096, 71478.09523809522, 68804.09523809521, 76353.14285714291, 64748.66666666666, 64802.23809523808, 71166.9047619047, 77973.47619047611, 78973.04761904766, 72151.2857142857, 64384.33333333339, 73894.42857142858, 64804.28571428567, 73096.71428571435, 72162.47619047615, 71864.71428571422, 76547.76190476201, 81704.85714285716, 65850.2857142857, 64862.238095238106, 78678.80952380953, 72162.47619047615, 74168.42857142858, 79508.66666666664, 75512.09523809531, 76301.42857142862, 75950.95238095244, 74937.90476190478, 75748.28571428568, 75777.61904761902, 69111.71428571428, 69581.33333333334, 75638.85714285714, 70545.42857142857, 72636.95238095235, 83274.0476190476, 67774.61904761905, 80482.52380952383, 76130.66666666667, 70307.04761904763, 72921.38095238096, 69817.42857142857, 82254.52380952376, 70925.38095238095, 63784.14285714278, 81415.0476190476, 73928.38095238092, 84127.95238095234, 72748.95238095238, 83373.90476190472, 70991.19047619046, 69468.80952380954, 68429.47619047626, 77526.28571428575, 69261.00000000004, 65830.95238095238, 72632.19047619047, 74542.57142857146, 73255.47619047614, 61362.190476190444, 66221.66666666666, 62849.285714285696, 72412.14285714287, 78527.09523809525, 76183.42857142854, 70086.9047619047, 63401.61904761908, 62000.8571428571, 75437.80952380948, 67809.00000000006, 76555.42857142861, 67435.66666666664, 76442.14285714288, 66320.95238095234, 63986.90476190481, 72586.28571428568, 83937.85714285709, 60133.190476190546, 80960.42857142852, 69355.61904761904, 73969.23809523814, 72965.28571428568, 62394.61904761905, 72013.52380952385, 82818.28571428571, 73957.9047619048, 73938.04761904765, 72748.33333333328, 73961.0952380952, 73777.33333333331, 68847.42857142865, 85166.90476190476, 75206.0476190476, 81556.38095238099, 62868.61904761904, 81888.09523809521, 68223.23809523803, 64261.57142857145, 75565.6666666667, 75186.71428571426, 65404.761904761835, 79743.76190476201, 73297.42857142864, 80755.61904761905, 75016.0, 78902.71428571429, 84315.28571428572, 65253.33333333334, 75875.14285714281, 75315.80952380953, 80812.99999999997, 75782.57142857145, 66382.33333333328, 77719.2380952381, 62548.28571428571, 74791.66666666666, 69656.90476190475, 72380.09523809516, 77248.3809523809, 71444.28571428568, 58959.047619047604, 67263.8095238095, 83828.14285714288, 76185.85714285712, 73086.47619047618, 80315.61904761905, 75435.09523809527, 77135.47619047626, 65534.714285714304, 66869.80952380958, 70522.09523809527, 74194.23809523808, 77153.57142857139, 80870.28571428567, 73636.7142857143, 74837.47619047621, 82844.00000000004, 73040.14285714283, 82069.1904761905, 75401.3333333333, 72636.3333333333, 83010.04761904762, 68464.23809523812, 70928.28571428575, 74765.76190476197, 75236.71428571429, 78505.71428571433, 86596.76190476194, 82918.14285714287, 75643.04761904766, 74331.71428571426, 74791.90476190478, 76476.71428571423, 76567.14285714294, 66920.71428571426, 74266.95238095244, 81888.09523809521, 83150.00000000001, 65133.66666666666, 72029.14285714283, 63835.28571428565, 81197.95238095241, 77031.66666666667, 77729.19047619047, 65198.23809523805, 72191.90476190473, 78730.42857142854, 84378.71428571435, 72242.85714285714, 79441.28571428575, 81320.19047619046, 86557.66666666673, 66774.14285714287, 77653.619047619, 76654.09523809527, 81967.76190476192, 73212.95238095243, 81813.14285714283, 83046.95238095238, 75892.42857142864, 81320.61904761902, 74161.7619047619, 63955.90476190479, 69334.57142857146, 77079.80952380945, 69461.28571428572, 72273.66666666669, 70631.61904761901, 64379.7142857142, 86472.19047619046, 77782.57142857145, 77644.99999999993, 62184.3333333333, 76847.52380952386, 76705.52380952377, 66301.61904761908, 76188.47619047618, 74785.95238095241, 64199.33333333327, 73005.23809523815, 85993.52380952379, 84206.71428571428, 83059.52380952382, 71180.00000000001, 81709.09523809525, 72919.38095238093, 63266.952380952396, 85824.09523809521, 81913.95238095235, 70039.66666666664, 76001.42857142855, 72445.42857142861, 75183.14285714291, 74352.61904761914, 74983.42857142852, 62690.52380952377, 82116.71428571425, 81744.99999999994, 74543.90476190479, 73861.7142857143, 65215.19047619046, 76333.14285714286, 81513.14285714283, 67605.14285714287, 80763.61904761897, 73886.85714285714, 75801.38095238102, 63016.38095238096, 73254.42857142843, 80016.8571428571, 64560.57142857139, 74003.09523809527, 77052.2857142857, 67390.4761904762, 81537.28571428574, 63114.09523809521, 84115.19047619042, 65638.90476190472, 81725.57142857139, 74835.19047619043, 68506.28571428574, 70364.23809523808, 78326.80952380953, 84080.4285714286, 79985.47619047624, 61114.99999999997, 73097.95238095238, 68526.04761904762, 76364.0476190476, 74267.57142857143, 65003.523809523715, 80042.238095238, 85084.7142857143, 67084.3809523809, 77087.9523809524, 74839.71428571429, 65621.28571428565, 72815.76190476194, 81800.9047619047, 74205.90476190484, 81307.38095238093, 74559.71428571433, 77796.04761904757, 78404.19047619042, 75176.00000000006, 82856.71428571417, 75309.99999999994, 64940.571428571464, 83215.28571428577, 70023.61904761908, 79952.47619047618, 67425.33333333331, 69200.76190476186, 60302.904761904734, 70187.28571428572, 73629.23809523812, 82230.52380952379, 77471.9047619047, 68793.23809523803, 74469.52380952386, 77898.71428571426, 80755.19047619047, 71561.38095238092, 82351.38095238096, 75773.90476190473, 62539.571428571406, 79521.47619047627, 80614.4285714286, 79279.28571428572, 81075.0, 70740.4761904762, 83128.38095238096, 75125.66666666672, 69275.4285714286, 82402.04761904762, 71468.7619047619, 92239.7142857143, 82469.57142857138, 81511.42857142854, 80382.28571428574, 81964.47619047615, 82883.95238095234, 74544.28571428578, 72949.47619047617, 60206.90476190472]}"
DQN_Algorithm,instance_m10_j20_s3,"{'total_cost': 7818.47418676314, 'production_cost': 6870.0, 'transportation_cost': 948.4741867631401, 'computation_time': 339.62408900260925, 'transport_feasible': True}","{'reward_curve': [61137.238095238106, 59619.66666666663, 61581.1428571429, 60679.333333333314, 57781.19047619046, 55142.476190476205, 63100.85714285716, 62402.28571428568, 61735.38095238092, 60201.90476190479, 58623.380952380976, 61195.8095238095, 60157.00000000006, 59512.47619047617, 59375.714285714304, 60248.6666666667, 62117.8095238095, 53511.52380952385, 57337.00000000003, 64719.76190476195, 62399.190476190546, 65990.52380952382, 68707.57142857143, 62004.80952380951, 52055.42857142854, 57169.999999999956, 62015.52380952382, 58514.42857142852, 56056.238095238106, 66343.99999999999, 60856.999999999985, 69327.80952380957, 65187.19047619047, 57297.571428571435, 56531.90476190476, 55377.85714285714, 66884.85714285712, 63158.38095238093, 64822.04761904766, 61100.09523809531, 64276.19047619046, 59261.1904761905, 53775.95238095236, 60438.5238095238, 55346.999999999956, 51447.09523809526, 65165.38095238093, 58456.90476190479, 55258.4285714286, 66895.85714285717, 55057.33333333332, 60996.38095238095, 60722.1904761905, 58908.14285714284, 53957.57142857148, 64143.90476190481, 55650.42857142855, 56759.857142857116, 56628.285714285754, 60118.52380952377, 67745.00000000001, 62919.6190476191, 62880.19047619047, 58061.38095238089, 62933.952380952396, 59485.714285714246, 57670.71428571426, 57886.47619047617, 60498.14285714287, 62802.04761904762, 59769.04761904765, 60396.3333333334, 61661.714285714246, 57768.857142857174, 59356.47619047621, 60049.0, 69662.33333333331, 66609.66666666667, 66873.42857142861, 66292.42857142862, 67335.33333333328, 67881.85714285714, 56520.428571428536, 62258.09523809522, 62138.66666666661, 60468.19047619053, 64841.857142857145, 55546.857142857145, 54360.42857142859, 61054.95238095235, 61164.33333333333, 65852.42857142862, 72432.42857142858, 59161.76190476192, 65523.857142857174, 60956.6190476191, 56492.190476190546, 63367.57142857148, 64529.57142857142, 58212.19047619043, 53191.71428571429, 63600.42857142855, 62558.714285714246, 61655.14285714291, 57127.666666666686, 67198.8571428572, 64773.09523809524, 54754.142857142906, 64719.57142857139, 63273.571428571464, 64333.80952380954, 58692.28571428578, 60135.52380952382, 60716.8571428571, 55858.66666666663, 63079.333333333314, 59462.4761904762, 59333.5238095238, 58861.28571428571, 51753.66666666665, 59114.95238095235, 60603.571428571435, 59101.142857142826, 59157.1904761905, 54598.71428571431, 54579.047619047626, 59226.4761904762, 64119.95238095238, 63961.76190476191, 57525.6190476191, 62830.42857142862, 62512.80952380954, 63294.90476190475, 65550.33333333328, 64191.33333333339, 62490.09523809528, 65441.1904761905, 61191.95238095241, 56583.57142857145, 64369.95238095234, 66223.71428571429, 58872.38095238095, 60878.952380952396, 56736.28571428571, 52570.76190476189, 64582.90476190476, 63862.3333333333, 65180.999999999985, 59710.04761904765, 53847.19047619046, 53496.142857142855, 58530.38095238096, 62266.04761904759, 63656.999999999956, 63109.095238095266, 60889.09523809519, 57686.047619047604, 57619.28571428568, 67462.61904761904, 62370.047619047604, 65051.28571428568, 62092.666666666686, 63193.714285714275, 62363.71428571432, 64428.952380952396, 58872.95238095241, 62984.761904761835, 63737.80952380951, 64776.71428571429, 68442.33333333333, 62748.857142857174, 67634.3333333333, 61416.142857142855, 62557.33333333333, 65063.571428571406, 66273.23809523806, 58419.14285714284, 63430.428571428565, 63702.66666666666, 70611.95238095243, 65615.47619047618, 64425.571428571464, 65336.76190476192, 65235.38095238095, 60511.19047619046, 66087.33333333331, 60165.428571428565, 68413.5714285714, 63770.95238095235, 67833.99999999996, 60512.09523809512, 57781.23809523809, 60080.66666666667, 59576.71428571429, 64935.61904761898, 67238.04761904762, 62985.80952380948, 65301.666666666686, 63572.85714285709, 66550.90476190479, 62438.95238095232, 67159.47619047617, 65775.52380952379, 65362.000000000015, 65254.6190476191, 63180.14285714287, 53339.714285714275, 64269.99999999997, 67679.42857142855, 61801.857142857145, 66125.76190476198, 60034.66666666673, 62846.28571428574, 65397.09523809528, 62958.5238095238, 65941.19047619047, 61348.76190476191, 56447.61904761898, 62915.476190476154, 58785.333333333285, 65018.80952380953, 65206.57142857148, 57506.66666666666, 66761.57142857139, 57543.61904761907, 63036.33333333339, 53369.6666666667, 65224.80952380947, 58142.47619047618, 65403.8095238095, 58815.33333333336, 66535.8095238095, 63611.42857142855, 60948.5238095238, 65351.38095238096, 62848.809523809556, 65403.33333333327, 62179.80952380957, 65998.09523809521, 60202.047619047604, 60682.238095238165, 64443.1904761905, 59035.80952380953, 61189.95238095235, 57777.04761904763, 60700.90476190476, 61094.047619047604, 63027.99999999993, 57894.90476190476, 64049.85714285723, 58493.38095238096, 63207.04761904762, 59301.61904761907, 63506.04761904768, 69669.38095238098, 59563.95238095234, 65441.095238095266, 66953.619047619, 60980.38095238096, 65448.00000000003, 62724.666666666715, 65673.71428571428, 57059.952380952425, 62070.23809523806, 68661.0952380952, 68696.1428571428, 63808.3333333334, 61173.33333333327, 63067.523809523744, 66855.6666666666, 59468.14285714287, 62924.23809523808, 59115.238095238106, 64061.80952380951, 60661.66666666664, 58284.04761904763, 66504.66666666664, 64846.80952380953, 57659.38095238099, 60797.23809523808, 63532.428571428565, 63548.04761904763, 64637.714285714304, 64960.19047619049, 61649.61904761901, 59866.761904761865, 65568.90476190478, 59761.57142857142, 67736.4761904762, 66824.85714285714, 65640.80952380958, 60123.00000000012, 65328.809523809556, 63149.76190476197, 61479.52380952377, 59934.809523809556, 68414.80952380953, 62782.66666666667, 64055.57142857142, 66011.85714285714, 60667.80952380957, 55261.71428571429, 62140.00000000006, 62768.714285714304, 55937.80952380948, 61706.80952380951, 60784.71428571432, 68747.80952380953, 60942.285714285725, 66943.380952381, 62987.19047619046, 65658.52380952377, 57985.28571428571, 67510.5238095238, 63773.095238095295, 61935.619047619024, 62741.76190476195, 66653.90476190482, 60608.000000000015, 60431.1904761905, 64522.1428571429, 64369.09523809524, 58181.28571428571, 64656.61904761905, 65224.61904761905, 64940.09523809518, 62266.047619047575, 61216.8095238095, 61929.95238095232, 63858.333333333285, 60655.3333333333, 60108.04761904759, 61610.28571428571, 64325.66666666663, 59316.23809523809, 59982.38095238093, 63385.09523809522, 64146.142857142855, 51597.095238095244, 66402.76190476194, 65251.71428571429, 67001.76190476198, 62833.04761904759, 54800.904761904756, 64076.14285714287, 63479.28571428567, 65374.190476190444, 64979.904761904734, 63383.85714285716, 59656.6666666667, 65250.33333333336, 68202.00000000001, 61717.95238095231, 64878.95238095232, 64814.95238095237, 63261.33333333339, 65046.09523809525, 67186.6666666666, 64284.52380952379, 66758.19047619052, 70779.4285714286, 60791.09523809521, 67606.61904761911, 65863.42857142858, 62890.57142857145, 66679.57142857145, 61818.8095238095, 66313.61904761902, 63028.809523809585, 66807.80952380954, 58372.999999999985, 66749.52380952379, 61833.52380952379, 63821.90476190475, 68488.90476190476, 60325.761904761865, 63771.0, 68505.90476190478, 62985.999999999956, 60687.80952380948, 65250.47619047617, 62054.71428571432, 55137.47619047622, 65305.1904761905, 59887.19047619052, 66947.80952380947, 63605.57142857145, 64373.142857142884, 64100.90476190479, 57670.66666666667, 62812.80952380951, 65124.238095238135, 63964.0, 65690.66666666669, 66016.80952380958, 62694.238095238106, 64799.33333333336, 64766.90476190476, 59218.761904761865, 65280.142857142826, 69247.76190476192, 63600.000000000015, 65868.76190476186, 70457.7142857143, 60365.66666666663, 64634.38095238099, 64966.38095238096, 64913.71428571432, 63381.04761904762, 64669.190476190444, 63989.09523809521, 60450.571428571435, 66250.28571428572, 61416.52380952382, 56151.04761904759, 66605.19047619043, 59747.90476190479, 64547.52380952386, 65086.80952380948, 62871.61904761905, 67952.71428571428, 60950.14285714284, 63966.000000000044, 63178.52380952383, 60248.333333333314, 64899.61904761907, 63670.66666666667, 63894.61904761907, 60696.85714285722, 64898.28571428578, 68294.76190476186, 61779.71428571433, 61363.38095238095, 60179.80952380947, 65680.95238095241, 66165.19047619049, 60860.23809523808, 63353.28571428564, 66975.85714285719, 55261.61904761905, 58348.80952380951, 65812.61904761908, 68405.28571428568, 61458.428571428536, 65899.52380952374, 60523.52380952377, 64097.19047619047, 64162.714285714304, 67064.09523809522, 61560.42857142862, 66082.66666666669, 58682.5238095238, 65390.190476190415, 70124.5714285714, 57396.047619047604, 57757.85714285716, 65569.80952380956, 64580.857142857116, 61243.90476190472, 62942.23809523812, 68630.99999999997, 57859.33333333336, 59253.71428571423, 60766.047619047604, 62553.04761904766, 64774.66666666666, 65189.428571428594, 55164.047619047604, 69929.38095238096, 65932.61904761907, 65849.71428571425, 67139.09523809521, 63597.999999999985, 68136.0952380953, 62653.23809523808, 66670.47619047618, 66600.85714285719, 68011.14285714278, 69477.57142857138, 57562.09523809522, 65927.95238095244, 59568.47619047623, 63310.00000000006, 53305.523809523824, 61352.09523809525, 66265.4285714286, 56917.999999999956, 64492.047619047604, 61307.61904761898, 63987.238095238135, 66197.99999999997, 57078.5238095238, 58041.09523809518, 66058.33333333333, 61404.61904761904, 64447.0, 62907.380952381005, 71203.90476190479, 61861.23809523803, 64350.61904761904]}"
DQN_Algorithm,instance_m10_j20_s2,"{'total_cost': 11029.034345942717, 'production_cost': 9930.0, 'transportation_cost': 1099.0343459427165, 'computation_time': 352.1981279850006, 'transport_feasible': True}","{'reward_curve': [113351.19047619049, 112307.04761904762, 122669.42857142861, 112747.47619047611, 111476.09523809518, 113008.80952380958, 114795.95238095247, 113835.38095238096, 112609.99999999994, 109523.61904761902, 118985.28571428567, 126900.47619047615, 115432.4761904762, 110710.9523809524, 115778.85714285716, 113829.14285714287, 121239.19047619047, 114172.66666666679, 107517.90476190479, 127736.09523809527, 116581.52380952379, 129485.9523809524, 121504.8095238095, 124220.4761904761, 118598.4285714286, 111214.80952380948, 109954.28571428571, 112671.42857142852, 110767.61904761902, 108715.6666666667, 105123.47619047618, 119526.00000000007, 109014.99999999999, 121175.09523809527, 104667.57142857145, 113383.04761904752, 113730.5714285715, 112422.52380952389, 128669.28571428565, 115033.42857142864, 109808.90476190478, 116448.33333333331, 121076.09523809521, 119914.23809523815, 122975.19047619036, 119730.47619047618, 130674.52380952387, 117171.1904761906, 120987.14285714281, 118877.2380952381, 116039.95238095247, 123084.71428571423, 121027.42857142858, 114537.90476190475, 120303.57142857136, 115567.33333333333, 111540.2857142857, 111702.66666666663, 118968.95238095237, 118754.66666666664, 115824.42857142858, 112788.0, 110536.28571428565, 117872.71428571428, 118950.09523809522, 111873.66666666669, 117075.14285714284, 117570.28571428577, 115828.80952380956, 123876.09523809509, 115873.33333333337, 120190.71428571433, 114918.28571428562, 119554.95238095241, 108277.33333333339, 121215.38095238089, 117336.04761904763, 119611.8571428572, 116811.04761904759, 119861.09523809522, 110185.47619047623, 116585.80952380951, 118171.57142857135, 108483.19047619047, 124346.52380952382, 121117.71428571426, 124745.80952380947, 117404.52380952382, 105310.85714285713, 115793.04761904766, 109231.95238095241, 110853.619047619, 124296.71428571423, 113496.90476190476, 115902.09523809522, 115552.14285714288, 112646.04761904768, 118706.28571428586, 113503.28571428561, 119735.23809523806, 108114.61904761908, 113156.76190476191, 121168.19047619039, 118323.28571428575, 115076.00000000003, 108159.33333333337, 112427.38095238098, 118967.09523809516, 117311.23809523809, 117993.85714285717, 119853.76190476194, 112849.57142857139, 115536.71428571438, 128639.57142857145, 124638.76190476186, 115221.38095238099, 115236.3333333333, 115680.47619047614, 106347.28571428583, 122388.99999999994, 119047.52380952379, 110828.85714285713, 120710.52380952379, 124916.42857142858, 112748.33333333331, 117477.57142857143, 114854.619047619, 120102.80952380951, 113965.76190476194, 111547.0476190476, 121890.23809523796, 118346.76190476198, 114619.8095238095, 114520.76190476195, 122992.66666666683, 113523.42857142864, 114502.09523809525, 110144.90476190478, 108341.71428571429, 108330.42857142855, 118187.42857142862, 120340.00000000003, 123553.42857142852, 115587.61904761898, 106949.66666666676, 109237.80952380953, 112155.23809523814, 125166.42857142861, 118056.00000000003, 120036.85714285707, 119234.23809523814, 120574.19047619046, 128240.09523809524, 125105.33333333331, 116384.99999999999, 110373.99999999996, 115101.66666666663, 122431.61904761897, 119297.76190476186, 125140.71428571423, 114901.14285714284, 125260.42857142861, 130482.19047619047, 113715.6666666667, 131398.80952380958, 123059.90476190482, 118321.00000000003, 114238.57142857139, 117198.19047619053, 118864.19047619052, 123594.61904761902, 122878.19047619042, 129280.90476190476, 120379.66666666667, 136340.38095238112, 126417.38095238095, 116530.47619047627, 112533.76190476185, 118561.76190476191, 130667.19047619056, 117953.66666666676, 124857.90476190479, 124880.14285714287, 104140.33333333337, 122708.61904761905, 105774.76190476191, 116198.52380952385, 112060.14285714288, 126241.2857142856, 124411.04761904752, 114252.2380952382, 117197.14285714294, 106597.19047619039, 121081.76190476184, 120287.04761904755, 114755.85714285717, 110643.95238095243, 125258.38095238095, 120515.8571428571, 108878.04761904768, 132201.380952381, 122422.57142857145, 111374.47619047608, 127576.47619047621, 126031.04761904769, 108670.90476190487, 109391.33333333333, 115856.90476190476, 112733.85714285717, 118061.52380952376, 120879.28571428577, 119652.380952381, 123636.85714285716, 117079.42857142862, 121855.04761904763, 124215.42857142858, 124170.09523809532, 119634.99999999997, 110824.4285714286, 122359.2380952381, 110695.95238095238, 121966.1904761905, 123871.95238095234, 112632.2380952381, 112502.85714285716, 114540.09523809524, 120840.23809523808, 122975.99999999997, 113752.42857142852, 117688.38095238092, 114668.95238095241, 108006.42857142858, 119953.19047619044, 110801.90476190487, 118504.19047619046, 123020.66666666651, 116318.14285714288, 133106.8571428571, 120099.04761904763, 121993.57142857142, 116884.66666666669, 115993.8095238095, 119372.38095238102, 107516.42857142862, 117480.9047619048, 108820.5714285714, 124886.0952380953, 111445.0, 122210.90476190479, 117075.76190476188, 121765.85714285713, 116942.28571428568, 114266.52380952386, 127047.95238095243, 124218.57142857145, 126458.19047619053, 129394.61904761914, 117393.85714285714, 111120.00000000001, 116835.71428571428, 114771.95238095232, 116418.28571428578, 113952.85714285712, 106627.14285714283, 121322.00000000009, 118894.14285714288, 116532.33333333333, 109944.80952380954, 122790.66666666666, 120923.76190476188, 106871.47619047611, 116308.4761904761, 124252.28571428574, 118531.85714285714, 104624.80952380954, 122210.8571428571, 121642.14285714293, 118998.14285714286, 120745.90476190479, 118972.71428571439, 117265.71428571422, 115084.33333333321, 109109.71428571417, 113155.619047619, 111571.90476190475, 121074.04761904769, 121178.9523809524, 103205.57142857145, 124986.42857142864, 115721.28571428572, 108180.66666666669, 117496.47619047617, 111395.66666666663, 105767.19047619056, 123749.61904761911, 111398.47619047623, 131964.3809523809, 115838.76190476188, 119850.14285714287, 127925.38095238098, 122551.380952381, 124007.52380952382, 123785.28571428574, 126453.28571428574, 119350.76190476197, 126359.04761904763, 116120.80952380956, 119532.380952381, 125469.85714285719, 124998.90476190476, 110197.80952380956, 117875.85714285725, 109732.42857142861, 115464.04761904762, 114509.61904761907, 117814.66666666667, 121962.57142857139, 123332.28571428562, 120231.38095238096, 112134.4285714286, 123573.23809523814, 103698.4761904762, 112948.76190476197, 118941.23809523808, 119621.66666666672, 122827.71428571426, 126900.57142857142, 113085.80952380958, 119218.66666666669, 117695.52380952373, 122702.90476190482, 109143.857142857, 121973.57142857148, 122275.99999999997, 127104.85714285716, 118499.23809523812, 124364.52380952376, 122335.71428571423, 114581.28571428574, 119928.95238095235, 111958.04761904762, 116824.00000000001, 121565.95238095237, 118066.14285714293, 125403.19047619044, 116206.5238095239, 128769.23809523814, 122123.76190476207, 127625.85714285722, 124223.2380952381, 114902.00000000007, 115052.42857142857, 126251.52380952387, 121687.57142857145, 124953.42857142852, 116732.85714285713, 123730.71428571423, 113691.38095238098, 120294.4761904762, 99630.5714285714, 109894.71428571432, 112897.61904761905, 116639.14285714287, 124338.85714285707, 122427.28571428571, 111510.47619047618, 122869.6666666668, 124554.7142857142, 111699.5714285714, 127456.90476190482, 105927.380952381, 112293.42857142849, 121095.61904761902, 110984.9047619048, 103959.71428571425, 116710.47619047617, 110014.42857142864, 127684.00000000015, 119689.85714285714, 125852.52380952382, 121128.33333333337, 125183.38095238103, 117709.33333333334, 118285.09523809522, 114815.28571428575, 112652.5238095238, 117099.28571428568, 122442.66666666663, 117630.76190476188, 124014.14285714293, 111299.19047619046, 119378.14285714287, 119013.04761904762, 116326.14285714284, 121508.80952380958, 125416.80952380947, 116653.14285714281, 120364.47619047614, 127498.61904761911, 122775.33333333326, 115335.95238095241, 115914.1428571428, 128935.52380952379, 111772.85714285719, 119539.90476190476, 127667.90476190479, 118363.7142857143, 132876.8571428572, 121165.66666666669, 120930.90476190478, 122034.28571428571, 105965.3809523809, 124400.47619047624, 123827.71428571432, 113330.57142857151, 112963.09523809528, 119602.90476190479, 109680.71428571426, 117120.76190476186, 132534.04761904766, 119318.99999999997, 126907.95238095234, 123394.52380952376, 114725.33333333334, 123588.8571428571, 113609.38095238098, 129402.28571428568, 122430.57142857142, 111880.38095238095, 121784.38095238089, 131327.5238095238, 118746.95238095237, 117741.00000000001, 121012.95238095237, 116181.09523809518, 122081.99999999997, 110522.1428571429, 113669.42857142857, 109435.14285714286, 120407.85714285726, 115306.5238095238, 118931.23809523808, 120858.90476190472, 112698.85714285716, 118701.66666666657, 119104.14285714297, 101569.95238095241, 119719.90476190478, 105529.0476190476, 132541.57142857157, 117582.28571428568, 121370.57142857142, 108033.71428571433, 123248.80952380947, 119126.57142857146, 124034.80952380953, 122050.85714285722, 131394.9523809523, 125178.52380952385, 123231.85714285722, 116942.19047619039, 127066.9523809524, 122771.71428571423, 129188.61904761926, 122675.76190476186, 113009.8095238095, 116355.66666666667, 129226.23809523814, 121510.28571428574, 114796.9523809524, 106365.90476190479, 120753.66666666666, 125023.19047619044, 125371.85714285701, 128465.8571428571, 106840.85714285716, 103038.5714285714, 128626.71428571435, 118391.85714285716, 123466.28571428577, 107707.33333333331, 121638.19047619044, 122603.19047619053, 122347.19047619056, 118515.95238095237, 120502.6190476191, 110821.9523809523, 113416.04761904755, 109077.38095238096, 117436.71428571429, 111416.14285714288, 129299.71428571438, 117178.61904761908, 115466.47619047621, 132743.19047619044, 125402.28571428565, 115319.71428571428, 109719.38095238089, 114690.38095238098, 127134.57142857148]}"
DQN_Algorithm,instance_m20_j60_s16,"{'total_cost': 12201.52106837317, 'production_cost': 8640.0, 'transportation_cost': 3561.521068373169, 'computation_time': 1696.5364701747894, 'transport_feasible': True}","{'reward_curve': [323898.1967213113, 333315.27868852444, 335291.6721311477, 336278.4098360651, 327688.2622950817, 360762.39344262256, 349504.81967213075, 314251.1639344262, 326316.14754098357, 311752.78688524617, 324192.06557377067, 307523.39344262297, 316402.4754098361, 346590.5409836064, 338965.6393442619, 332176.62295082, 335910.8852459017, 323404.96721311525, 350941.70491803286, 346168.0983606552, 339057.5573770494, 325133.80327868846, 336004.3606557383, 332755.32786885253, 366305.0655737704, 354501.3606557369, 322706.4426229513, 339408.85245901643, 344997.573770492, 353344.4262295084, 334120.95081967197, 326539.3606557375, 336735.5573770492, 318704.60655737715, 332695.65573770506, 297582.40983606543, 328792.3606557381, 342991.11475409823, 345108.77049180365, 303509.16393442615, 321179.63934426213, 317711.75409836095, 339185.885245902, 343364.4098360654, 346804.85245901614, 347235.8032786886, 319891.0000000001, 329466.0819672133, 354968.11475409847, 323233.5409836067, 334852.9508196725, 346342.77049180324, 324161.06557377055, 365831.9016393443, 340338.3114754099, 327695.6885245901, 353031.7868852459, 340600.18032786873, 333654.7213114752, 333366.99999999977, 312899.6065573775, 319907.73770491785, 347292.40983606584, 346406.5737704922, 331773.32786885253, 369408.3442622952, 339021.7704918037, 366916.62295081926, 334838.37704918045, 313204.81967213115, 309666.1803278692, 338210.21311475424, 323999.3770491805, 335409.4426229514, 333758.2622950818, 350599.22950819694, 325833.85245901655, 330420.7049180326, 343855.2459016392, 322878.29508196743, 338167.98360655777, 308353.68852459005, 339484.4262295083, 329112.01639344305, 333267.95081967185, 336379.72131147503, 337281.6885245905, 321790.3114754101, 318295.1147540984, 318569.1967213115, 340007.5245901635, 355162.81967213127, 323718.5409836064, 320221.1639344264, 337617.85245901666, 376871.39344262285, 335133.4426229509, 343016.70491803315, 352962.8196721312, 337038.4918032786, 321504.7213114759, 303361.5573770494, 314199.21311475366, 356817.7213114756, 328562.1475409837, 329904.5245901637, 322568.0000000001, 322431.8524590165, 320624.0163934429, 355406.8360655736, 321043.4098360655, 317748.9672131148, 336605.73770491756, 336890.3770491803, 322887.96721311484, 317988.70491803257, 315810.24590163905, 351572.81967213086, 300610.9180327868, 348740.5409836064, 317559.8360655734, 313547.967213115, 349032.2786885244, 323946.3278688521, 330473.06557377084, 341344.3114754097, 352465.0655737704, 324243.50819672114, 346618.737704918, 361686.7213114754, 331253.57377049193, 345216.70491803234, 333263.3934426228, 323733.73770491825, 341586.31147541, 340111.6721311474, 322289.1475409836, 332148.5901639343, 356302.7704918033, 328394.2295081969, 312537.47540983633, 290661.5245901639, 333296.63934426213, 344960.54098360636, 322303.0983606557, 361292.0819672138, 338563.5081967211, 334163.47540983604, 326806.0983606559, 326768.50819672114, 334976.6557377052, 315709.0983606557, 315676.0491803277, 344547.04918032774, 348730.45901639323, 354939.8852459018, 349290.68852459016, 302304.18032786885, 312866.98360655754, 314250.114754098, 311574.3770491806, 325180.7213114755, 306002.39344262297, 294251.8688524585, 347866.8688524588, 305589.59016393445, 340296.22950819647, 312701.1803278685, 348889.91803278687, 338178.77049180324, 331034.62295081984, 302587.9836065573, 356107.00000000006, 361335.37704918004, 377160.16393442627, 319178.0819672132, 339458.24590163893, 348376.4754098356, 353869.21311475406, 314856.55737704923, 334305.5573770488, 329831.80327868887, 367963.34426229424, 351888.24590163963, 335042.67213114706, 330241.95081967145, 320749.04918032786, 316010.16393442656, 314275.81967213115, 324407.42622950824, 324563.09836065536, 310561.7377049182, 312816.83606557385, 318360.0491803282, 331608.0163934429, 347220.8852459018, 333501.9344262296, 347390.9672131148, 323740.45901639364, 329796.34426229465, 366168.6393442624, 350436.6721311477, 332171.4426229506, 310656.4590163937, 357865.63934426225, 355632.0655737706, 338907.0327868847, 331257.78688524594, 325355.73770491796, 299322.4754098362, 311068.85245901643, 331415.6393442624, 317282.4098360655, 313228.0983606558, 378864.8524590164, 359227.32786885236, 341102.06557377055, 343967.0655737704, 361833.8032786883, 324145.1803278689, 306035.78688524605, 346986.52459016425, 297974.73770491837, 347306.96721311455, 364681.50819672126, 324029.03278688504, 323217.08196721337, 334549.22950819734, 349092.1967213108, 354108.44262295077, 362429.06557377067, 364380.0655737703, 310858.93442623003, 357275.32786885253, 342662.1967213117, 315140.0655737706, 324916.3278688527, 339408.1311475408, 317150.1803278689, 314375.6721311476, 337511.0491803278, 345644.6885245902, 322333.4262295085, 342171.32786885236, 321820.11475409893, 355490.1639344257, 325356.6557377046, 344340.01639344275, 338404.65573770524, 336766.9836065573, 329270.4098360659, 332481.49180327845, 344930.1967213114, 349216.7704918032, 334953.8360655733, 321977.9836065573, 357538.9180327868, 327249.180327869, 314228.98360655695, 319181.8032786889, 356543.2786885246, 339920.5573770492, 318417.67213114694, 315145.2622950818, 353725.7704918035, 341533.7049180329, 334292.8852459016, 333490.2950819673, 353227.63934426213, 351681.75409836054, 318017.2295081965, 338384.32786885253, 337268.18032786896, 323849.032786885, 369634.26229508175, 331857.21311475395, 339623.9344262297, 327884.09836065565, 338348.4754098362, 301063.50819672184, 304913.6885245901, 328585.31147541007, 365212.36065573775, 328288.1311475405, 327056.5573770491, 309195.3278688523, 330030.54098360677, 344668.885245901, 328540.60655737703, 359789.86885245884, 324965.0819672127, 338660.1803278691, 328901.88524590095, 343693.98360655725, 337182.4918032785, 350035.88524590153, 366537.3934426228, 312417.9836065575, 315918.2786885246, 333969.81967213127, 353307.49180327955, 327602.42622950854, 325458.83606557385, 376712.88524590206, 309413.04918032786, 337802.9344262293, 341706.0655737708, 348815.2131147536, 365911.1147540977, 355717.1967213112, 319152.54098360677, 320904.2622950819, 343352.00000000006, 341941.9016393439, 342047.27868852444, 331051.2622950816, 312198.83606557356, 323122.5409836068, 342515.18032786914, 333927.3442622953, 376037.67213114776, 357329.63934426266, 362917.03278688516, 365915.8688524586, 355647.44262295077, 339774.75409836054, 347495.8196721313, 344921.03278688504, 349831.4918032789, 362638.1311475414, 347726.3278688525, 304713.39344262256, 320430.49180327886, 315011.4426229508, 322556.50819672126, 379550.8524590163, 334611.3606557373, 322461.27868852456, 344290.704918033, 352160.27868852427, 311446.49180327886, 352550.57377049164, 356374.5901639347, 324267.47540983604, 338712.6229508196, 318309.9344262297, 351978.1803278691, 325929.803278688, 312592.3606557374, 352742.1967213116, 347565.9508196718, 350725.8852459016, 342506.1639344262, 340917.34426229476, 369008.32786885265, 329864.7377049183, 350334.7213114753, 341148.8852459014, 354947.5245901641, 369038.50819672074, 347976.2459016389, 316182.4754098363, 324590.6885245901, 348223.55737704923, 331901.8360655741, 318823.2131147543, 328978.4426229504, 317110.98360655707, 340919.3934426232, 320965.98360655736, 339886.180327869, 309294.22950819694, 353936.1475409838, 335077.57377049176, 359531.44262295077, 361196.83606557397, 361479.90163934446, 354090.45901639346, 362747.442622951, 347514.836065574, 360830.73770491785, 350686.295081967, 348390.6065573772, 341664.7868852458, 313892.7704918036, 301731.85245901695, 340634.6557377048, 336557.26229508227, 350056.2786885246, 290069.72131147544, 335570.9016393444, 359890.68852459034, 347536.6229508195, 321208.93442622933, 330325.7377049185, 353094.5409836066, 378901.88524590153, 350950.44262295077, 357792.0163934428, 339808.65573770466, 325392.6885245902, 311585.22950819705, 329470.0819672129, 317388.2295081967, 347476.37704918056, 313114.3606557378, 346779.1147540983, 357478.50819672097, 334236.9508196715, 331168.9999999999, 323973.31147541007, 315363.7868852457, 327385.99999999994, 341871.5737704918, 344793.4098360657, 325497.081967213, 312420.04918032803, 352111.47540983616, 349024.85245901614, 346433.01639344246, 350155.75409836037, 322584.5901639344, 311264.57377049176, 334758.75409836054, 328418.4918032787, 319281.37704918033, 305067.72131147527, 361322.1967213113, 310120.78688524564, 335868.3770491804, 351412.7704918032, 337258.6393442618, 347036.88524590153, 338077.39344262285, 337781.9836065571, 338828.3442622954, 320073.6065573776, 347452.3278688522, 322773.9016393446, 323041.8360655741, 333720.59016393474, 341276.34426229505, 338940.7049180329, 323931.81967213127, 340496.83606557344, 356891.5737704915, 313980.83606557373, 318665.4262295081, 365177.2459016394, 374477.37704918074, 380228.1967213114, 344601.8360655741, 340541.3114754097, 362031.32786885253, 346361.81967213145, 357683.40983606566, 342251.81967213115, 349383.75409836054, 299902.96721311467, 318161.45901639323, 356642.2622950815, 330025.5245901642, 354033.49180327845, 307324.0655737704, 348208.1147540981, 323595.4590163931, 330449.6393442625, 358643.5245901641, 349987.54098360677, 306833.36065573763, 365117.7213114756, 316232.96721311536, 360338.2459016396, 319824.0491803279, 361822.42622950824, 386240.00000000006, 353905.7868852463, 358550.49180327915, 346012.9836065576, 325209.9672131145, 364041.32786885236, 339950.11475409864, 388365.36065573734, 362630.2786885244, 334175.08196721313, 334574.1967213117, 346874.11475409847, 310190.44262295065, 357239.5409836064, 347036.63934426254, 332141.9672131147, 315410.68852458993, 367724.7049180329, 336711.27868852456, 354490.3770491802, 387152.8524590171, 314353.426229508, 334301.9672131147, 358738.6885245902, 345076.1967213116]}"
DQN_Algorithm,instance_m20_j60_s18,"{'total_cost': 12071.297126139438, 'production_cost': 9600.0, 'transportation_cost': 2471.297126139437, 'computation_time': 1722.2548696994781, 'transport_feasible': True}","{'reward_curve': [368136.63934426237, 367120.5081967212, 359680.9836065575, 348823.81967213115, 364974.475409836, 357498.4590163933, 336028.50819672144, 369757.52459016384, 359455.5737704921, 358958.9836065578, 329981.4262295086, 335071.606557377, 343353.57377049193, 323402.9180327873, 349556.90163934417, 341518.6721311473, 353584.49180327886, 353508.95081967214, 346282.7377049178, 377943.88524590165, 358375.1967213113, 347517.19672131154, 373485.3934426233, 335433.1475409835, 351172.08196721296, 346347.2950819671, 334468.7540983607, 342682.9344262293, 383346.4262295077, 349978.06557377067, 344862.5081967213, 338697.852459016, 350453.5409836065, 397010.1311475412, 350407.1967213116, 360126.5081967219, 342955.0491803278, 326698.1311475408, 381936.06557377, 367450.4918032786, 347907.3770491803, 395136.18032786885, 367076.11475409864, 357753.6229508196, 375563.6557377048, 363603.2622950822, 390363.6721311473, 353315.78688524576, 357379.37704918074, 364948.1639344263, 355084.0000000002, 352312.47540983575, 340384.3770491807, 340726.1147540979, 360249.4426229507, 382241.7049180324, 345377.6885245905, 348260.32786885276, 338224.31147541024, 379060.6229508197, 360382.19672131183, 369317.6721311476, 366450.0819672127, 371282.88524590246, 365582.55737704935, 345187.491803279, 380444.26229508204, 372459.5245901642, 335601.2950819671, 376870.52459016425, 362926.5245901634, 379293.86885245924, 383198.5081967209, 350508.5081967215, 340011.6557377047, 369418.1967213111, 362531.4754098359, 366680.9344262293, 353569.4754098363, 350676.88524590206, 366186.9836065577, 365716.0000000003, 354731.78688524605, 357077.88524590124, 354552.50819672196, 360075.3934426228, 386015.0655737706, 361169.16393442574, 339955.31147541024, 366400.18032786885, 374419.90163934405, 359881.2459016394, 331456.7868852461, 382481.5901639349, 364885.8688524594, 338264.606557377, 359043.6065573771, 366469.2950819668, 346375.85245901626, 360283.16393442603, 351461.2295081967, 385112.44262295094, 365617.68852459005, 356647.70491803327, 365993.4262295083, 352097.2786885247, 348348.4262295079, 358126.8360655736, 374670.40983606555, 380121.5737704922, 365297.3770491799, 379815.0327868853, 337986.491803279, 345479.26229508175, 362049.721311476, 351171.93442622904, 355281.68852458976, 349633.4918032784, 340615.6557377052, 342364.1147540987, 366090.9672131152, 349057.9344262295, 344355.7377049177, 366487.6065573771, 401706.62295081984, 358406.0655737699, 334929.9672131148, 363715.9836065569, 368646.7213114757, 335843.6393442626, 363187.0819672127, 354272.6393442626, 394568.72131147515, 367206.36065573763, 366178.4262295081, 361300.57377049164, 375876.2786885243, 379799.4262295083, 358135.8852459015, 346176.0, 385198.00000000006, 371008.868852459, 338287.93442622904, 371215.88524590177, 368225.3606557372, 360932.99999999994, 371560.2459016391, 382961.00000000035, 362365.2459016395, 408803.2131147538, 362617.524590164, 346806.06557377026, 388312.86885245936, 368828.06557377055, 355412.36065573775, 386694.88524590165, 337158.19672131096, 350374.2786885246, 368626.9672131141, 358589.06557377015, 341705.6229508191, 373458.0491803279, 347939.9180327871, 340094.09836065595, 349084.852459016, 361217.7213114751, 356553.393442623, 380634.09836065565, 350104.55737704906, 374069.5081967214, 353258.9508196716, 364507.6557377051, 399781.42622950877, 401999.49180327856, 370160.57377049193, 375614.9016393449, 356140.3278688529, 347272.9672131149, 369466.85245901643, 335060.9180327871, 341645.8360655741, 364853.5409836071, 370596.2622950815, 375059.54098360625, 385645.86885245907, 364867.91803278675, 352027.83606557327, 364455.19672131137, 346400.9344262291, 347787.09836065565, 342682.08196721296, 347182.8032786885, 358108.4426229504, 345697.409836065, 398388.0327868854, 389541.04918032803, 368872.19672131166, 332778.6229508198, 350784.868852459, 356963.86885245924, 389548.98360655765, 367216.4590163938, 349596.4098360656, 379556.8360655733, 368616.86885245884, 340465.3442622951, 341636.40983606555, 358431.2622950821, 334992.40983606555, 348605.42622950795, 350457.21311475383, 392612.13114754134, 403048.01639344264, 392821.3114754097, 357244.29508196696, 334811.7049180325, 338406.37704918085, 395304.80327868805, 371691.16393442586, 367372.57377049106, 354088.8196721312, 338645.19672131154, 368081.91803278687, 359346.8688524586, 362705.3278688527, 381214.78688524524, 392829.52459016355, 349891.86885245924, 366080.83606557344, 383011.70491803286, 350764.19672131183, 341516.0327868853, 339784.34426229546, 359181.770491803, 392060.9016393444, 368466.8196721317, 400579.0819672129, 345127.6721311475, 333469.655737705, 360710.7377049178, 373175.22950819606, 385227.5409836065, 403014.3278688526, 356076.19672131137, 373944.5409836067, 373089.8852459018, 366386.49180327856, 356556.868852459, 367922.4098360652, 430225.9344262298, 336024.9344262292, 338671.4262295086, 336529.3442622952, 343698.8524590162, 359162.13114754105, 400708.9836065577, 356292.31147540954, 371348.524590164, 367629.7868852457, 345048.32786885207, 398938.32786885265, 340712.213114754, 406245.57377049176, 372531.73770491825, 351056.6721311476, 376765.5901639345, 378941.18032786896, 380761.0983606558, 375403.4262295079, 372521.68852459034, 364732.7377049181, 379966.09836065565, 379954.32786885224, 366766.50819672114, 378405.1967213114, 358996.1803278693, 376916.6065573772, 336696.70491803315, 339522.40983606566, 358935.2131147542, 377337.24590163946, 372148.0327868857, 368731.26229508134, 388008.3278688523, 337481.7213114762, 345988.0491803279, 354714.3934426229, 362693.7540983606, 397495.2786885247, 388634.86885245936, 360830.655737705, 349538.44262295077, 366271.7213114758, 352689.73770491814, 360248.6065573766, 363801.0819672132, 379757.4754098362, 350649.36065573787, 379356.180327869, 379806.98360655684, 350521.21311475453, 396270.8360655741, 390289.098360656, 366320.29508196766, 382326.8852459021, 371555.32786885265, 367979.81967213046, 384707.62295081984, 352462.45901639335, 378278.18032786885, 357838.3442622952, 386734.7540983606, 371408.4426229513, 402286.6885245902, 393968.4426229508, 359861.9672131151, 373462.26229508215, 351801.57377049205, 381621.426229508, 378722.16393442586, 383154.5409836066, 365174.2950819676, 354049.0327868849, 330857.786885246, 360262.8032786885, 365309.06557377096, 349348.950819672, 371822.47540983604, 337201.950819672, 390388.6393442626, 363216.42622950854, 334863.81967213145, 365304.2786885243, 372725.09836065565, 368363.0983606558, 371773.14754098345, 365039.83606557397, 378358.03278688533, 383002.32786885236, 352671.9344262292, 343358.0655737708, 366719.9344262293, 337805.9836065575, 348734.6721311474, 397943.11475409847, 403733.18032786914, 400615.9180327865, 371869.90163934435, 387599.39344262297, 356929.9344262293, 360419.9508196724, 367514.6229508199, 342581.8360655737, 428369.5409836065, 406276.90163934435, 349233.2295081968, 344723.0983606562, 361985.8196721311, 380630.6393442622, 366759.00000000006, 381434.73770491814, 354840.40983606566, 376260.78688524594, 370025.99999999965, 350241.52459016454, 392486.72131147556, 360330.8852459017, 358576.68852458993, 360055.09836065565, 379360.08196721337, 382259.99999999994, 362717.0327868854, 331406.3934426231, 349610.7049180327, 359618.90163934417, 368440.9016393447, 348278.83606557397, 359528.983606557, 362114.770491803, 348693.42622950755, 365793.0491803279, 362022.9016393442, 337303.9508196724, 380758.6885245901, 391756.1147540985, 350505.7868852455, 371475.4262295086, 395554.3442622952, 354948.18032786873, 369273.8524590165, 395100.262295082, 349701.90163934435, 357872.5573770495, 337098.01639344264, 356224.14754098345, 377087.0327868855, 366247.5573770497, 378175.6065573776, 375838.8852459017, 374125.85245901643, 385054.67213114805, 396327.40983606526, 398180.7377049186, 393670.5081967214, 388628.40983606514, 382188.2622950816, 376371.50819672056, 374242.1967213116, 339298.4918032788, 378984.8032786881, 342763.5081967213, 357675.6557377048, 382858.3278688526, 354322.2622950818, 392507.7704918033, 349283.04918032826, 370329.3606557376, 366795.54098360677, 352843.5901639344, 375635.7213114755, 379567.54098360613, 397163.4262295077, 396562.40983606555, 397708.11475409806, 399415.60655737674, 387999.4754098362, 374388.8032786887, 369645.24590163934, 410305.19672131137, 369832.32786885265, 349854.63934426225, 354251.5901639343, 379680.9180327865, 360225.04918032786, 391468.55737704964, 380641.5737704919, 372744.80327868863, 390240.4262295078, 378620.90163934405, 368144.9672131146, 352924.6393442627, 321676.1639344264, 343855.77049180324, 408216.0163934426, 390714.081967213, 355798.6393442621, 386137.95081967243, 392578.09836065536, 397106.54098360654, 360980.0327868851, 398318.6885245905, 380305.09836065565, 402954.5737704918, 345486.2131147542, 415460.95081967214, 330523.78688524605, 365505.86885245855, 342449.1967213113, 371913.11475409835, 358813.1967213118, 380515.14754098386, 346309.9180327872, 362698.5901639345, 347204.4918032792, 364890.4098360656, 384439.13114754105, 392882.475409836, 372180.7868852454, 366670.754098361, 351480.2295081965, 358645.29508196685, 376278.2131147537, 366943.73770491855, 341279.04918032815, 409871.6885245891, 364695.049180328, 385830.80327868834, 371786.6557377053, 367888.00000000047, 370977.5573770492, 342663.24590163946, 340890.01639344235, 383588.60655737703, 391640.39344262256, 374993.32786885253, 378636.8524590164, 371939.7377049185, 387854.11475409847, 380188.03278688545, 370427.9180327867, 377152.4590163936, 355492.5409836062, 343332.47540983575, 386147.59016393416, 365788.63934426237, 370650.508196721, 360810.62295081926, 378724.2131147542, 370884.55737704906, 356752.0983606559]}"
DQN_Algorithm,instance_m20_j60_s17,"{'total_cost': 13649.77447412385, 'production_cost': 10540.0, 'transportation_cost': 3109.77447412385, 'computation_time': 1747.195391178131, 'transport_feasible': True}","{'reward_curve': [513068.0655737708, 498422.0163934433, 523115.2459016399, 505313.63934426225, 511836.01639344235, 492622.1311475406, 526390.6557377052, 492046.26229508186, 510571.0983606557, 493297.21311475453, 517094.34426229494, 480210.4918032788, 486280.9016393446, 518550.77049180306, 519764.0163934424, 486410.47540983645, 506597.1967213113, 477859.1639344268, 482077.3606557378, 501705.06557377096, 500504.8852459022, 516255.6393442623, 499980.39344262285, 530783.7377049176, 536876.2459016398, 504739.34426229494, 471948.22950819647, 538415.8852459019, 490446.5245901643, 489973.27868852427, 525339.1147540982, 496142.50819672114, 500617.19672131137, 515816.5901639336, 527478.6393442622, 522973.5573770496, 477123.4262295082, 476363.29508196743, 478012.114754098, 496415.19672131154, 494051.91803278675, 493680.14754098316, 448868.42622950795, 500688.8360655741, 454413.70491803327, 506629.65573770454, 521412.4262295078, 517986.85245901626, 491476.836065574, 503021.68852459016, 478930.8360655733, 509832.8196721318, 519551.00000000047, 576765.5081967209, 512622.16393442673, 508094.67213114805, 471844.11475409777, 535010.7049180327, 511501.5245901636, 508012.4590163936, 472265.4262295082, 494130.68852458993, 537440.0655737709, 497569.78688524617, 485453.40983606555, 537161.327868853, 509020.6557377051, 526134.2786885243, 497221.3278688521, 504374.3278688524, 491607.5081967216, 504067.4426229509, 484067.7868852455, 476722.7868852459, 499663.393442623, 502621.1475409837, 475852.4262295077, 533887.5081967209, 514877.37704918033, 507636.16393442603, 500459.4426229509, 497956.7704918035, 511233.8360655735, 477415.22950819624, 499217.0491803274, 467723.27868852485, 485563.1475409838, 526630.9508196727, 503139.91803278757, 511279.9999999999, 479062.344262295, 487276.967213115, 463184.14754098386, 487134.78688524524, 496156.98360655707, 509761.6557377052, 524537.6885245905, 480489.39344262297, 532325.5737704921, 492194.18032786925, 485587.4918032788, 491333.540983607, 523716.54098360566, 484051.01639344206, 512133.0983606558, 540918.7213114756, 489121.04918032774, 495528.6721311471, 467830.032786885, 544272.573770492, 490446.2459016393, 501385.1967213113, 539168.3934426223, 529731.8524590165, 505649.3606557373, 504666.7704918031, 496308.7704918035, 483015.75409836025, 507388.90163934405, 514338.52459016466, 510413.29508196726, 492203.1475409829, 487154.6065573772, 524774.7213114752, 513562.26229508204, 494884.22950819676, 502667.4098360654, 529155.7540983601, 546457.3934426232, 518453.8524590171, 521113.9672131145, 495020.90163934417, 485156.91803278704, 541216.6393442627, 515878.11475409917, 502696.68852459034, 475262.75409836037, 512910.77049180336, 503342.0163934427, 515199.78688524617, 476580.7704918034, 484448.09836065624, 530351.7377049183, 510478.32786885236, 488519.557377049, 488192.3442622953, 476364.7049180331, 508739.5573770499, 496520.2131147541, 509858.7049180328, 527302.2459016398, 481746.19672131137, 495351.0819672132, 516817.0983606556, 509636.2786885246, 502846.131147541, 483521.1639344264, 515966.98360655725, 519229.6885245906, 527522.0163934431, 506220.6065573771, 491781.21311475383, 509854.7213114751, 483436.0819672129, 494557.8032786883, 506285.7540983604, 531554.3934426225, 475969.6557377047, 507301.7049180329, 535485.3442622945, 527335.3442622955, 492187.9180327863, 489302.4262295079, 501396.754098361, 472245.4918032784, 521103.2950819675, 516801.295081967, 503674.5573770491, 521566.65573770483, 522298.98360655725, 483902.62295081926, 520488.1475409833, 526005.557377049, 504699.7377049181, 520938.7049180325, 523606.45901639364, 506822.06557377096, 505006.9672131151, 489057.47540983604, 518564.2295081967, 490817.5901639352, 525560.7868852463, 478251.37704918033, 479974.63934426213, 496284.55737704894, 463300.3442622955, 507818.8688524591, 517734.7868852457, 483698.52459016436, 499747.47540983616, 543475.3278688523, 535382.9836065582, 562162.9999999997, 493919.36065573787, 488336.3606557374, 496430.24590163864, 501667.90163934487, 497813.83606557397, 490976.0655737703, 519844.21311475395, 497440.65573770524, 470147.78688524617, 529424.8032786883, 489856.442622951, 536509.4262295084, 524836.2459016402, 495451.114754098, 536756.475409836, 499306.3114754103, 505616.08196721296, 578804.5901639337, 483151.0163934429, 475191.85245901666, 495429.45901639375, 468620.52459016396, 531528.442622951, 515916.95081967267, 487938.6557377044, 507305.26229508163, 510371.0327868857, 488601.6721311479, 503743.7213114751, 526981.6393442622, 485545.8360655736, 506361.63934426144, 515212.93442622945, 516486.2786885245, 532398.9016393446, 495226.34426229534, 495181.49180327856, 497112.04918032815, 486799.14754098357, 508199.1967213116, 537427.7213114758, 491799.47540983534, 491085.7704918028, 517479.5409836067, 515245.0819672132, 502048.9508196718, 499435.60655737657, 466216.06557376997, 523680.7377049186, 508266.08196721226, 527910.7377049183, 478575.7704918031, 532356.6721311472, 492360.1803278687, 495515.0983606547, 472312.6885245899, 483749.3770491798, 510695.60655737744, 498285.5245901643, 520421.5737704914, 507703.59016393445, 490636.5245901641, 510836.8852459018, 491269.6721311475, 475436.1803278688, 497208.7868852462, 486959.1803278691, 498723.7704918035, 477047.6557377047, 507626.9344262296, 556521.770491804, 563943.5901639344, 471728.60655737726, 508942.6393442623, 497499.22950819647, 520338.50819672074, 508064.7868852466, 534499.7049180329, 492088.918032787, 533340.9344262294, 509391.13114754047, 561337.639344263, 488687.8688524589, 541552.8688524584, 520058.36065573746, 533642.0655737703, 529996.1475409841, 476072.91803278687, 512062.90163934446, 554787.9180327869, 487578.85245901626, 517804.04918032733, 553601.6393442624, 524725.6885245902, 510205.49180327856, 529652.6721311471, 465190.5901639344, 485494.19672131125, 468757.7540983613, 506630.2459016395, 469940.6065573764, 479316.5573770499, 486888.7213114755, 527752.950819672, 456429.57377049164, 486234.95081967214, 518017.81967213145, 502650.3934426225, 494286.8852459014, 528166.9016393443, 546837.8688524587, 530691.7377049183, 507020.65573770495, 509285.5901639341, 481053.7049180324, 523813.3934426224, 539645.262295082, 508988.0819672132, 521863.426229508, 506019.70491803315, 508719.44262295007, 498097.37704918033, 512010.80327868793, 485846.1147540984, 547391.426229508, 529532.2131147541, 447160.37704918, 506171.1475409833, 556480.0163934422, 504193.9344262295, 522310.13114754134, 525629.1475409832, 554185.7213114758, 502700.1639344259, 487926.36065573734, 477147.3114754103, 543654.5573770488, 521465.40983606514, 520593.9508196723, 504107.2459016396, 514648.0327868854, 543170.0983606561, 535857.5081967211, 495796.0819672134, 521937.8524590166, 506925.06557377137, 489728.3114754098, 531254.8032786885, 500368.65573770454, 517007.6721311477, 525241.1475409835, 501376.59016393416, 504282.13114754116, 499099.42622950836, 538628.819672131, 520607.3934426232, 489553.08196721313, 469958.0983606554, 514920.11475409835, 517877.0491803277, 539698.393442623, 504928.08196721325, 491220.9672131146, 493139.34426229476, 494088.6557377048, 530893.2295081966, 515665.704918033, 508439.70491803327, 453227.7704918038, 523153.9836065582, 523866.9672131147, 541702.4262295082, 529909.9836065576, 502541.393442623, 544682.3278688529, 485643.2131147539, 504901.5245901638, 559267.885245902, 517568.77049180295, 518088.7377049179, 533216.8688524588, 516453.819672131, 512125.0655737706, 533113.9344262294, 546724.4098360654, 489287.6229508193, 544978.1967213113, 542150.4426229505, 481687.3606557377, 503075.44262295077, 538968.2459016389, 514523.7868852463, 510443.6885245899, 479016.5081967212, 547697.1147540988, 523530.27868852485, 533026.55737705, 512962.24590163934, 494990.8688524596, 534214.3934426227, 544435.6557377044, 496946.26229508274, 488384.62295081967, 539190.5409836067, 516187.9180327867, 505018.8688524591, 502024.6393442619, 500007.8688524593, 502307.45901639335, 505713.3606557375, 503864.86885245884, 536844.6229508196, 544364.4590163934, 475279.8524590161, 529704.5409836062, 573928.1147540982, 527254.5901639342, 478260.2295081971, 527195.8032786885, 491800.8852459013, 552084.229508197, 528947.8852459018, 519526.459016394, 487000.2295081963, 539496.3934426226, 507940.8196721303, 516485.75409836054, 468964.0327868855, 497616.4754098358, 518593.8196721313, 471628.81967213075, 490965.5081967212, 496489.5573770489, 481110.40983606584, 515591.67213114735, 532464.3606557375, 490980.09836065635, 507169.08196721325, 498570.3606557374, 528628.0655737706, 538823.3442622953, 540834.9344262305, 553131.9999999995, 496525.36065573746, 512078.14754098345, 514210.655737705, 461036.4754098361, 504366.24590163893, 526397.3606557375, 454570.03278688557, 500872.1639344263, 530422.1311475413, 555259.5901639343, 518337.19672131096, 522865.85245901626, 506329.8524590165, 506582.9016393436, 510801.4426229505, 520730.2131147537, 523038.3606557372, 487217.70491803304, 506056.01639344246, 510737.78688524605, 492782.9016393444, 520438.4590163934, 506934.18032786914, 527135.9508196724, 532467.8524590165, 506359.88524590153, 490003.36065573734, 500415.88524590153, 468408.327868852, 515510.62295081967, 494318.0491803278, 503189.26229508215, 515052.7377049179, 564955.5245901641, 499287.00000000006, 519779.70491803274, 517815.0491803284, 496872.2459016393, 521051.32786885183, 498904.114754098, 506230.9672131152, 534533.0327868859, 487543.2131147544, 526348.7704918031, 564385.3934426229, 527818.5737704919, 511551.393442623, 484679.91803278733, 506518.31147541007, 542582.9999999998, 542389.2295081964, 498245.5245901636, 491804.42622950854, 517850.9016393438]}"DQN_Algorithm,instance_m10_j60_s6,"{'total_cost': 20561.926048748246, 'production_cost': 16220.0, 'transportation_cost': 4341.926048748247, 'computation_time': 1589.3909709453583, 'transport_feasible': True}","{'reward_curve': [700169.2295081968, 683197.9344262291, 712925.7540983598, 639471.9508196714, 662936.8688524589, 621905.93442623, 621257.5737704908, 725904.9180327867, 685599.6557377055, 636092.5409836071, 636593.5245901636, 702852.8524590161, 671206.6885245894, 654533.8360655745, 703591.5081967217, 722979.5573770492, 647349.2459016393, 734090.3934426222, 671011.5409836065, 682359.9180327862, 755515.6557377044, 722510.3606557372, 666437.9508196713, 666368.7213114753, 714077.7704918039, 728907.4426229506, 641621.0983606555, 757176.6393442625, 696047.131147541, 651497.8360655737, 749168.0655737688, 655868.131147541, 675166.7868852456, 714983.5573770494, 625097.5409836072, 712403.7213114761, 656135.0819672135, 661317.4262295079, 690370.2622950821, 648003.8032786888, 703963.9180327866, 693122.9016393443, 678239.6557377048, 637070.0000000009, 636127.3442622955, 665776.9344262285, 657440.4262295087, 682685.1475409843, 638038.2131147535, 676451.1803278688, 668260.213114753, 651162.4590163945, 711430.9672131153, 607535.459016393, 651977.9016393444, 645657.6229508192, 630663.9836065561, 671137.5737704908, 606605.1967213115, 677625.5901639345, 695027.3114754107, 730078.2622950824, 747820.2622950817, 619971.4590163934, 738216.9508196716, 745234.4262295077, 676540.3442622961, 685781.0491803277, 636737.918032786, 695901.0163934437, 730831.0491803277, 749981.3770491807, 681484.4426229508, 662680.9508196734, 692685.2295081967, 753439.016393442, 689808.8688524591, 660866.5573770497, 697370.8032786885, 709431.5901639344, 705748.6885245898, 634584.0983606561, 687934.2950819671, 756677.114754098, 632561.4754098359, 700500.3770491804, 709676.9508196714, 768825.3934426229, 640114.8360655736, 704260.5901639346, 659476.2459016396, 712224.6065573778, 696329.0163934424, 679364.0819672135, 793016.8032786889, 722685.327868852, 665858.5409836064, 740530.1639344265, 759419.0819672138, 640528.2622950827, 679458.2622950824, 659092.5409836067, 703895.6393442623, 688578.7704918039, 672661.0819672126, 692864.5409836064, 666713.836065574, 732783.8688524581, 595099.6557377056, 643512.9836065568, 702481.9508196713, 695962.4590163936, 629736.2786885239, 712855.8360655742, 696629.4590163936, 708812.0163934429, 735941.4590163934, 721472.770491803, 732161.1475409841, 722408.5081967213, 642995.3934426231, 746130.8852459012, 773915.4590163941, 740614.8688524592, 688733.5573770492, 653342.3606557379, 708995.7049180313, 681046.7540983602, 808745.4590163942, 701785.5901639338, 650742.393442623, 752114.7049180325, 644625.754098361, 622771.8360655748, 672506.9508196727, 731599.524590164, 655218.131147541, 706855.0000000001, 692861.163934427, 712751.4262295075, 657403.7868852468, 746132.4918032776, 698350.1147540972, 715792.5081967219, 713276.1803278687, 675394.8852459023, 759432.9016393431, 660055.9672131141, 664391.4262295077, 815429.6065573766, 670036.7868852465, 693956.393442623, 734146.6885245903, 613003.524590164, 741293.8032786882, 738974.2950819684, 636833.5573770497, 760006.1803278689, 761171.4754098358, 737734.7213114747, 678824.3442622956, 652850.1311475404, 684016.4918032789, 668642.7540983609, 683843.6721311477, 713151.8688524591, 706609.9344262276, 685650.7377049174, 733286.1311475413, 698121.5573770492, 739734.5081967213, 700158.901639344, 617029.0983606568, 644360.9016393448, 717477.9016393459, 682178.1475409832, 705338.278688525, 662225.9016393453, 596738.0163934433, 727064.8032786892, 717544.2786885244, 756159.3278688523, 752064.2459016395, 744587.3278688532, 748428.9180327872, 677053.5573770492, 637093.114754098, 713264.0491803277, 699744.2459016395, 743820.0163934423, 603187.9836065575, 767083.3114754101, 714620.4590163934, 732998.8196721306, 658308.5901639337, 665337.7868852449, 690099.0163934435, 719444.8852459023, 690073.9344262298, 689974.5409836057, 683720.0000000001, 646707.7377049181, 770034.5737704925, 700623.9016393444, 757000.131147541, 635684.3934426226, 694970.9344262292, 692773.6557377051, 715307.2131147542, 682767.2131147535, 741036.2295081972, 709384.3606557382, 767594.8032786881, 743660.6393442623, 620299.1639344261, 702571.7049180333, 737012.6885245895, 692838.6885245895, 680005.7213114757, 714466.1147540981, 730789.4918032781, 764391.0327868848, 778061.6229508192, 780259.6885245902, 751101.1639344257, 705270.8032786885, 780351.2950819667, 759293.5409836064, 703409.4262295085, 673673.344262296, 748710.3114754106, 702437.0655737703, 708479.1147540973, 781062.098360655, 708319.1803278689, 701490.4426229503, 645495.1803278688, 714905.3934426232, 709290.7704918031, 742352.7213114756, 646724.9836065572, 662481.6885245903, 703775.5901639349, 714770.8524590167, 735819.557377049, 721692.9672131138, 696579.6065573768, 716250.4918032784, 695330.6885245899, 682895.0000000005, 782968.786885245, 669181.6229508192, 659843.6721311477, 610468.9180327866, 712336.6065573769, 739131.7049180334, 736347.1639344271, 688401.5573770497, 714292.4754098364, 764811.1803278688, 759005.1311475413, 779020.3606557375, 772560.1967213117, 720122.7377049166, 759018.8196721309, 684801.3442622946, 790415.3278688525, 800076.2622950815, 644307.3606557382, 651372.3770491808, 729141.6885245896, 698149.5409836065, 744493.5409836066, 810114.3770491797, 760711.7377049177, 862360.1639344268, 685949.3114754095, 725036.3606557371, 752580.0819672133, 817069.9672131136, 718319.5081967216, 709286.1311475406, 676823.737704918, 802438.4098360651, 756402.180327869, 814034.2295081968, 689912.4754098371, 776214.93442623, 709769.8032786885, 782340.4426229509, 763123.9672131143, 679394.9999999997, 814988.7540983611, 658988.8196721309, 743121.8524590168, 725102.9672131154, 811984.081967213, 834549.2131147546, 807891.7213114765, 753185.7377049183, 827136.9836065584, 800581.0655737702, 736541.7540983626, 692446.8360655725, 764885.6229508194, 698723.2786885239, 696903.8524590165, 749170.163934426, 768250.2950819673, 782052.6229508186, 790855.2295081977, 701629.0655737709, 667119.9672131141, 777669.852459016, 654841.9344262299, 769257.6393442618, 708877.8524590159, 690869.0163934426, 656736.2786885254, 784046.6885245902, 760343.180327869, 752582.0163934425, 729273.8360655736, 681009.5409836062, 698591.6065573773, 791172.9180327867, 653027.8032786889, 791798.5901639353, 743775.6393442624, 669072.6229508197, 712512.3442622959, 818455.4262295085, 830095.3442622949, 772768.1967213108, 717043.9344262282, 740281.8524590158, 762388.1475409829, 703706.5901639353, 796745.770491804, 670597.131147541, 615773.2131147546, 735096.229508197, 773377.4262295088, 813717.016393443, 759467.4426229509, 773150.4590163932, 731813.672131148, 711331.1967213117, 768809.5901639343, 781135.6557377053, 740064.6885245896, 757343.3114754097, 812300.2786885244, 836486.1475409833, 748925.4590163936, 733193.5573770495, 735582.7213114752, 682519.2459016399, 829962.7213114768, 752714.5245901651, 728690.9508196715, 712539.6393442622, 724106.8032786873, 833187.0491803288, 779633.7377049185, 862537.5409836062, 807663.9016393449, 788795.5573770495, 811496.6557377048, 858868.2131147545, 816977.1147540978, 808250.1311475406, 790321.4754098366, 731390.786885245, 764220.3770491807, 804256.9999999998, 819956.8360655747, 835058.0163934423, 869931.3606557384, 787168.5573770483, 772940.1967213101, 783135.9180327875, 654583.3606557369, 727481.8688524582, 755036.8852459015, 787213.6393442625, 775390.2459016389, 767772.0163934433, 670418.7049180329, 741824.3770491804, 745823.9180327867, 743319.6557377044, 699492.9180327862, 778061.3278688529, 870905.0983606545, 713704.5409836055, 697200.3442622962, 823932.4918032797, 720779.0819672133, 734915.6721311482, 690376.4426229501, 787175.1967213111, 789605.3114754088, 719012.475409836, 750474.868852459, 764894.6721311475, 756641.1147540971, 729413.4262295086, 786080.55737705, 765224.5737704909, 773539.4590163932, 864900.9508196736, 808110.9836065576, 658987.9344262297, 754951.3770491816, 801947.2950819663, 790318.6885245901, 719727.6557377055, 744036.4754098358, 703075.7704918033, 798105.2131147535, 839867.4098360654, 742980.0000000002, 782797.3770491813, 697129.9836065575, 768978.3934426233, 751896.7540983615, 908215.5245901641, 829455.114754098, 741369.0163934432, 780779.5245901634, 789710.6557377047, 801362.0983606561, 789486.2295081967, 775302.0000000001, 888586.0491803277, 758290.0655737708, 785532.2786885251, 866176.0000000007, 766453.4262295074, 803689.8032786888, 791177.9508196728, 733794.8852459015, 739092.3934426227, 903256.2622950823, 728233.2786885245, 809032.7049180334, 743025.3278688526, 738342.9508196728, 690200.2459016398, 710485.1147540988, 687731.5081967219, 797139.0491803273, 756022.6229508199, 779776.9016393448, 794925.2295081976, 677173.2786885252, 758625.6885245906, 795894.4262295079, 793534.5081967209, 790048.6065573766, 662457.2786885259, 709672.7049180326, 757336.5245901629, 781784.2459016392, 808916.6721311477, 746610.0163934419, 675526.7540983609, 789966.8852459021, 798972.1967213124, 747760.1475409842, 763144.8688524588, 781176.3114754098, 750437.786885245, 751290.7213114752, 758511.1803278696, 704500.7213114757, 766268.9344262294, 718058.6721311472, 773237.7540983612, 731935.8852459014, 832201.1475409835, 747787.9344262299, 783042.1475409844, 785282.31147541, 719059.4262295079, 782836.3442622948, 695008.4918032789, 775482.2622950814, 758161.9344262292, 728994.2131147541, 816675.7868852454, 736158.3934426238, 837708.2622950829, 864883.9016393448, 779837.0163934428, 671563.081967213, 697549.5245901641, 878009.557377049, 779345.721311475]}"
DQN_Algorithm,instance_m10_j60_s4,"{'total_cost': 26995.508228984836, 'production_cost': 20270.0, 'transportation_cost': 6725.508228984836, 'computation_time': 1649.8893568515778, 'transport_feasible': True}","{'reward_curve': [1214528.8032786895, 1115055.704918034, 1133608.0327868848, 1143545.7704918038, 1188831.3278688518, 1216382.31147541, 1239114.9836065543, 1176470.1311475418, 1198340.7377049185, 1212428.7049180316, 1077211.0327868857, 1153454.3442622963, 1236932.196721311, 1114910.5901639347, 1147970.475409834, 1251419.9672131157, 1099870.8360655739, 1066521.5901639338, 1204169.4590163936, 1133738.4754098353, 1221956.3934426236, 1174565.3114754104, 1105276.6557377053, 1180673.8196721317, 1250101.2786885244, 1125141.9836065595, 1140965.967213115, 1155021.5901639347, 1091286.4098360655, 1138480.5081967225, 1236984.5245901623, 1221991.5409836073, 1136084.6393442631, 1184295.5573770509, 1172873.1475409844, 1199943.31147541, 1201873.5737704919, 1189863.245901639, 1150738.7704918021, 1198167.2131147545, 1185145.0655737694, 1185989.5409836064, 1265274.098360658, 1119403.6065573778, 1182663.7377049192, 1105717.3278688528, 1228977.4262295095, 1113899.8524590167, 1200221.6229508189, 1070379.9836065574, 1223994.0491803263, 1188975.491803278, 1147749.7868852469, 1194435.508196722, 1129964.5901639324, 1182634.7213114775, 1176063.2295081965, 1166666.3114754076, 1189896.3934426245, 1300989.4918032798, 1141757.2950819666, 1142776.9999999995, 1161585.1311475402, 1239885.7377049173, 1096510.9672131157, 1307545.737704919, 1235091.9344262294, 1112674.639344263, 1128197.3114754087, 1145379.2950819684, 1197886.049180328, 1252910.5409836066, 1222252.5245901635, 1095531.049180328, 1220696.0491803288, 1104680.819672132, 1172601.1147540994, 1136735.2131147557, 1136002.3934426222, 1147183.1475409854, 1209233.2950819666, 1271902.524590166, 1164014.7540983607, 1160618.4918032803, 1309537.1311475395, 1200101.3114754087, 1172818.5245901628, 1186517.0163934436, 1181915.2950819663, 1213153.147540985, 1271835.3442622947, 1173038.885245902, 1284415.9016393458, 1167739.6721311472, 1200185.3934426238, 1142532.3770491816, 1152837.0491803274, 1207937.9016393442, 1088349.524590165, 1132675.5245901642, 1172072.0, 1144041.5573770523, 1187106.6885245908, 1241966.0163934405, 1227345.016393442, 1094175.8852459018, 1152801.9344262287, 1078599.0983606558, 1129297.0491803263, 1252295.4590163927, 1087906.8524590156, 1117881.2295081976, 1175962.967213116, 1200198.885245903, 1213509.75409836, 1141739.6065573774, 1172558.4262295081, 1270145.9344262297, 1315084.524590165, 1214244.1311475413, 1168879.229508197, 1287535.9836065548, 1016544.4426229502, 1143566.1967213117, 1208888.6393442634, 1209941.016393442, 1116293.4098360655, 1122996.7049180318, 1165222.131147539, 1277121.770491805, 1090248.3770491811, 1231232.3278688542, 1206423.8524590174, 1037052.6885245907, 1190569.9672131152, 1190570.1639344255, 1180608.37704918, 1202175.1639344255, 1168470.2950819682, 1172820.131147542, 1190937.590163935, 1224411.131147539, 1097628.4098360674, 1172183.278688524, 1190393.8524590156, 1127349.1475409835, 1093651.393442622, 1177083.7540983607, 1216712.9180327868, 1149266.0163934412, 1269546.606557378, 1211443.000000001, 1115949.7868852448, 1210005.0327868857, 1154204.0491803274, 1172089.147540984, 1152833.8032786886, 1117962.5573770492, 1192695.2622950815, 1162451.5901639333, 1280732.3606557401, 1258329.9508196737, 1100373.2295081974, 1225149.6557377067, 1185105.1475409837, 1235266.2786885248, 1088713.2459016384, 1178798.180327869, 1231171.2295081967, 1182705.016393444, 1171886.245901639, 1248861.6557377053, 1174405.1639344245, 1269366.2459016384, 1201442.852459015, 1200421.4426229505, 1051873.9344262283, 1224716.9672131147, 1198058.114754097, 1191148.0819672134, 1190461.4590163932, 1140103.7377049166, 1107389.6393442631, 1249638.803278689, 1206443.6557377048, 1197671.1475409833, 1209465.5409836075, 1139576.3114754108, 1222227.1803278688, 1129783.3114754087, 1299197.1639344255, 1197492.4918032787, 1205676.4262295065, 1118849.7704918024, 1183211.2786885237, 1124452.5081967218, 1170466.8032786893, 1102002.7049180327, 1117060.672131147, 1284967.5245901626, 1186514.4590163922, 1112578.3934426233, 1099791.590163935, 1291684.7213114758, 1182727.0327868855, 1150484.0655737717, 1194027.5573770492, 1173458.8852459013, 1245965.7049180323, 1247109.5737704912, 1194380.9508196716, 1209358.1803278679, 1235170.4918032791, 1265659.0327868855, 1237176.8032786907, 1193066.5573770497, 1153636.3114754101, 1112432.7213114763, 1241328.1967213114, 1122398.1475409837, 1320101.4098360667, 1121840.1311475402, 1246999.7377049197, 1248014.737704918, 1262714.5573770488, 1226987.3278688525, 1227559.6885245903, 1158784.7213114747, 1264831.7868852466, 1201900.4590163927, 1195568.9999999981, 1098440.770491802, 1250064.9672131157, 1193607.1803278686, 1138295.491803279, 1158237.7213114728, 1223450.4754098358, 1159223.1475409819, 1163055.5409836061, 1207387.081967214, 1277986.5245901637, 1136664.0327868853, 1248580.0655737722, 1266564.0819672132, 1177318.9672131152, 1113050.1803278679, 1277127.8688524615, 1160552.44262295, 1112174.360655738, 1127712.4754098356, 1196651.918032787, 1205634.6885245906, 1140474.9344262294, 1227280.885245903, 1228233.131147541, 1211826.491803278, 1241371.0819672125, 1275086.4426229503, 1251464.3934426222, 1185566.0327868855, 1109006.8852459015, 1281676.3770491795, 1188145.1311475413, 1264864.4262295074, 1102558.770491804, 1175580.3934426224, 1199715.8852459032, 1196258.7377049183, 1178898.7704918052, 1173536.245901641, 1254824.9180327854, 1227407.4426229496, 1198486.3114754113, 1267298.0819672134, 1238825.7540983602, 1228113.0819672125, 1268650.9016393456, 1196851.3442622959, 1262690.6885245917, 1233972.73770492, 1149087.6885245917, 1190157.4426229496, 1291499.3934426226, 1109762.1311475432, 1154768.442622951, 1035130.0163934419, 1228932.2786885253, 1129596.426229508, 1187841.2459016386, 1322715.2786885232, 1147335.0983606568, 1125354.0491803277, 1231458.9836065583, 1212175.704918032, 1191483.5573770492, 1139422.5737704916, 1243644.4262295072, 1191823.5573770476, 1177548.9344262271, 1286751.1639344299, 1326756.5573770485, 1278963.426229507, 1231896.5409836057, 1253165.9180327859, 1219575.7377049194, 1185230.1147540985, 1159135.0163934403, 1269688.6229508198, 1242684.3770491802, 1146362.5409836054, 1256370.0819672137, 1241181.639344263, 1174869.5737704916, 1251696.3278688511, 1179418.6229508177, 1128270.2950819668, 1333685.4918032794, 1237324.3114754104, 1226799.2131147548, 1235239.7540983616, 1176857.4262295074, 1123846.5081967216, 1193990.0819672132, 1298076.8688524594, 1230262.9672131147, 1109107.5409836047, 1129092.1311475402, 1384191.5737704914, 1134201.1475409835, 1233934.5081967197, 1243572.5737704914, 1244654.3278688544, 1240665.409836063, 1255049.2786885235, 1226205.6065573774, 1279077.4590163946, 1215111.688524589, 1228274.3278688535, 1173539.0983606547, 1180378.7704918033, 1193297.7868852466, 1254608.9344262297, 1227861.9016393442, 1230701.7868852448, 1139887.8196721305, 1270529.0491803286, 1160192.0655737715, 1157980.573770492, 1272402.770491805, 1276103.2459016405, 1250394.5081967209, 1141241.7540983595, 1178054.3278688532, 1190972.6885245908, 1185275.229508197, 1180887.8032786874, 1217914.8688524594, 1172426.8360655734, 1213888.8032786893, 1185791.9836065578, 1175216.6393442624, 1243920.0655737706, 1187087.6885245917, 1201489.295081969, 1154463.754098361, 1192124.2622950834, 1119881.9016393442, 1142230.5901639336, 1205388.8032786865, 1112520.836065574, 1242375.8196721296, 1192308.3442622924, 1243076.8688524573, 1258279.0491803263, 1195003.786885247, 1149878.3770491814, 1191995.4918032782, 1264944.0163934443, 1273675.2459016403, 1209759.2131147545, 1176826.26229508, 1084940.3442622947, 1226481.9672131173, 1201245.6557377067, 1239395.9344262294, 1208543.4426229503, 1271458.475409837, 1236196.3934426226, 1209332.7213114758, 1208183.7540983593, 1241800.4754098365, 1299577.5081967209, 1288267.2459016407, 1169805.295081966, 1194866.4918032791, 1309965.9180327856, 1288198.7213114754, 1217246.639344262, 1299546.2950819677, 1250130.5245901644, 1170248.3770491807, 1200159.049180328, 1273487.0163934443, 1232296.459016393, 1131946.9344262304, 1139052.2622950827, 1318727.5737704912, 1227414.360655738, 1210242.7213114728, 1195835.6065573764, 1154771.4098360655, 1271325.1311475416, 1195595.4426229505, 1274261.4098360664, 1099450.114754098, 1127238.0819672127, 1196201.06557377, 1213116.4918032773, 1139507.8688524596, 1208508.3114754085, 1198246.3278688535, 1242757.6229508189, 1289658.786885247, 1244131.8524590149, 1264163.9999999981, 1296229.672131147, 1307937.6229508189, 1102302.9344262304, 1172432.524590166, 1302216.967213115, 1233196.9180327887, 1150288.9672131133, 1267981.6065573764, 1371689.4262295072, 1220245.9672131166, 1210757.639344264, 1276885.7704918028, 1230461.7540983618, 1141005.6721311472, 1237703.8688524591, 1247413.180327868, 1228076.8524590158, 1208779.2131147543, 1242320.4918032787, 1247480.8852459013, 1197624.098360655, 1178248.2295081979, 1144351.1147540978, 1280100.836065574, 1304778.5081967218, 1062906.2459016393, 1186510.8360655732, 1302914.9508196714, 1286038.8360655727, 1380400.6721311468, 1232889.4918032777, 1304834.6885245915, 1183269.8524590158, 1252302.3934426242, 1154712.9672131145, 1183139.0163934429, 1268378.918032787, 1172867.8196721324, 1206418.3278688532, 1206586.8688524587, 1186794.000000001, 1281386.3114754094, 1207383.295081967, 1321958.1639344282, 1212340.1475409828, 1356796.3770491797, 1221233.3770491797, 1246780.8688524591, 1302877.016393443, 1308657.2622950808, 1193309.3114754104, 1165788.9672131147, 1246294.557377049, 1270554.9344262297, 1119813.245901639, 1325473.2622950813, 1211762.163934425, 1151428.147540983, 1290785.737704918, 1183753.5245901644, 1133789.491803281, 1270118.836065573, 1319368.1147540961, 1175095.9180327884, 1210611.4590163939, 1290656.0163934422, 1247805.1311475406, 1213746.2459016375, 1228670.4754098349, 1317488.8032786902, 1273772.4918032773, 1253245.688524591, 1173594.6229508207, 1198187.0491803272, 1172773.0000000012]}"
DQN_Algorithm,instance_m10_j60_s5,"{'total_cost': 26973.209423784494, 'production_cost': 20510.0, 'transportation_cost': 6463.209423784496, 'computation_time': 1655.75310587883, 'transport_feasible': True}","{'reward_curve': [1191314.1967213114, 1269356.360655738, 1207998.9508196723, 1230358.5737704923, 1159498.1311475409, 1165051.2131147548, 1204023.5737704898, 1159036.4426229503, 1169591.4590163946, 1159057.7704918042, 1189896.6557377058, 1266164.918032787, 1239164.7213114754, 1211264.0491803302, 1222046.37704918, 1235036.7049180313, 1268596.3770491802, 1159287.9672131138, 1217190.6557377067, 1237203.3770491797, 1121394.3934426215, 1180641.8196721296, 1314531.2459016384, 1119392.4918032782, 1284790.3770491804, 1215128.2295081962, 1194991.1147540996, 1155844.655737706, 1190457.6557377041, 1231881.573770492, 1228423.31147541, 1299008.9836065571, 1128606.1967213126, 1144565.606557376, 1195642.8360655732, 1236262.9672131157, 1326844.0819672118, 1173787.6065573776, 1242183.0819672125, 1254972.0655737699, 1297913.622950819, 1205414.7377049166, 1181579.1475409826, 1177481.9508196726, 1255358.7704918042, 1206568.4426229524, 1134820.3770491811, 1144944.8688524573, 1154558.4754098377, 1085745.2295081962, 1224108.3114754094, 1195338.5573770495, 1084311.2459016396, 1181173.1475409847, 1154245.6721311498, 1132291.4754098363, 1113792.6885245903, 1071926.5245901654, 1174191.606557375, 1103651.6885245906, 1236796.3114754106, 1200635.590163936, 1253196.213114753, 1061435.9508196698, 1236916.245901638, 1183351.3606557387, 1248650.6065573774, 1208170.2622950831, 1291534.1147540964, 1162472.2786885253, 1190303.7213114754, 1214297.2459016389, 1199417.475409835, 1263536.049180326, 1284480.3606557364, 1334631.1475409835, 1180771.4590163922, 1199666.4426229517, 1201912.2131147543, 1149898.4590163934, 1335546.6229508198, 1175092.6557377055, 1187371.1967213124, 1215768.3442622952, 1220639.0491803277, 1252534.3770491825, 1142545.36065574, 1237817.5737704933, 1128214.0000000002, 1121947.754098361, 1252293.0491803284, 1125207.9672131147, 1335211.2459016386, 1213378.6065573788, 1238447.8688524591, 1232524.8196721321, 1187526.557377048, 1298310.9016393449, 1329516.8852459004, 1243232.3606557385, 1295871.9016393437, 1281108.3606557378, 1155811.1311475427, 1153126.852459017, 1314842.114754098, 1207073.1475409828, 1198375.8032786893, 1108984.6885245887, 1132234.1639344268, 1172665.803278688, 1171643.4098360657, 1257395.3442622945, 1224968.7213114745, 1298353.852459017, 1111228.6557377046, 1241726.4918032796, 1202747.7049180306, 1282511.1639344264, 1178833.3278688507, 1240517.4426229515, 1246916.918032786, 1222186.0655737708, 1194487.377049181, 1174772.2950819663, 1147417.3114754092, 1196936.6885245892, 1178720.4262295086, 1227143.655737702, 1178211.2131147545, 1154118.196721311, 1160768.9672131157, 1157416.5737704898, 1249081.3770491814, 1243376.196721311, 1249989.4590163936, 1246979.229508197, 1211443.8032786876, 1190498.426229506, 1221652.0163934429, 1212867.6721311472, 1132725.147540984, 1274306.229508197, 1147256.1475409851, 1143413.5245901626, 1164320.229508196, 1180534.557377049, 1189204.7540983614, 1194381.9672131143, 1311480.4426229498, 1184560.0491803272, 1171585.5081967234, 1170563.7704918028, 1235450.4426229508, 1195224.1475409833, 1206439.2131147545, 1262094.7868852448, 1243813.4918032798, 1259528.1475409835, 1258085.7704918028, 1119874.5409836075, 1192348.2295081972, 1126989.6065573788, 1244307.819672131, 1204591.8688524594, 1292045.1147540992, 1213221.1967213114, 1147406.5245901656, 1188348.032786885, 1129215.8032786883, 1221989.6721311475, 1164820.2459016414, 1208887.7049180316, 1166967.704918032, 1129847.4098360648, 1192823.1147540968, 1207697.1147540985, 1163924.4918032782, 1183302.4754098346, 1266943.1967213098, 1119977.032786884, 1250222.3934426224, 1180363.6065573755, 1141616.2786885248, 1176263.000000001, 1254949.0819672144, 1181556.147540984, 1284685.1147540964, 1119986.3442622952, 1176554.6885245903, 1159655.7049180325, 1205146.2459016384, 1212492.4590163939, 1269100.7540983614, 1298457.754098359, 1219100.885245903, 1244482.1311475413, 1132160.1639344266, 1161457.8032786888, 1243267.0655737692, 1287538.7213114745, 1178494.9508196726, 1183513.4262295074, 1083010.9999999995, 1328824.4262295081, 1185959.196721311, 1277734.7377049173, 1273619.3442622947, 1196786.0327868857, 1091450.7377049192, 1252568.1147540978, 1331977.4262295084, 1236737.2459016396, 1223945.1639344266, 1247038.7704918056, 1235877.8196721305, 1241731.8524590167, 1124674.6885245894, 1330796.3770491802, 1204782.885245901, 1319427.2786885232, 1242368.7377049185, 1119865.3606557373, 1180779.13114754, 1347258.4754098363, 1365794.2459016375, 1233482.262295082, 1132180.4590163939, 1171065.5573770504, 1190669.2622950808, 1237200.4262295105, 1106501.229508197, 1191540.4098360653, 1289556.4590163934, 1146593.4754098346, 1287400.9672131145, 1195684.2622950827, 1117113.2786885253, 1244861.7704918021, 1316801.7377049183, 1242860.049180326, 1186224.639344262, 1190547.9508196732, 1193198.442622951, 1197092.7540983614, 1230683.7049180337, 1170919.737704919, 1189735.4098360664, 1193439.311475409, 1333709.0491803286, 1158969.9344262301, 1164211.4754098358, 1209677.0491803272, 1235167.9999999988, 1252721.5573770497, 1307774.9836065583, 1261935.6557377055, 1172327.540983606, 1148682.5737704926, 1199457.557377049, 1171288.7049180332, 1222188.5409836064, 1225668.7049180327, 1127725.442622951, 1227932.9836065571, 1230228.4262295088, 1200156.9344262301, 1128877.6229508196, 1240707.2131147543, 1243827.6885245899, 1168654.885245903, 1201721.147540983, 1241179.49180328, 1180305.3278688518, 1209519.6721311477, 1215116.360655738, 1286206.0163934443, 1162881.4098360671, 1291948.6393442624, 1261709.3278688514, 1226886.4426229512, 1222849.3606557364, 1180411.0163934422, 1255216.213114754, 1309360.0163934426, 1239384.5573770502, 1289969.5901639347, 1293410.6721311507, 1329256.8360655745, 1145068.6557377067, 1353991.4426229517, 1271483.688524589, 1203413.1475409851, 1220614.5901639345, 1236280.5737704933, 1162546.409836067, 1251069.3442622947, 1249212.508196721, 1189318.5901639364, 1241350.7704918028, 1212125.1311475409, 1279341.393442625, 1276765.6721311454, 1155504.5737704926, 1234093.672131147, 1178113.3770491811, 1309307.0163934438, 1332704.8360655727, 1228108.6885245892, 1249164.2295081976, 1234682.5901639352, 1309697.2295081962, 1316163.3114754083, 1219042.2295081953, 1254694.1147540975, 1332405.1147540987, 1295556.6885245906, 1280992.3770491793, 1262440.9180327877, 1240950.6229508196, 1291097.229508199, 1207864.9016393444, 1277061.3278688532, 1143054.7704918056, 1223663.6721311468, 1069060.1311475406, 1234011.5081967202, 1209126.688524592, 1271350.2786885248, 1249267.0983606551, 1180403.7540983611, 1333599.4590163953, 1218398.2131147552, 1117919.0819672134, 1276559.5573770492, 1246440.803278686, 1286620.8852459022, 1248252.3442622942, 1317281.2786885265, 1268519.2131147522, 1136906.065573771, 1167184.524590165, 1095544.1803278686, 1373032.0327868853, 1300311.0819672141, 1245740.5573770483, 1190337.4590163946, 1197722.0163934417, 1287412.9180327856, 1113471.3770491795, 1255150.8360655764, 1206993.6721311486, 1221777.8196721307, 1237643.9836065578, 1241474.3606557357, 1106907.5081967225, 1148993.836065574, 1371691.9999999995, 1129855.0327868848, 1123595.7049180327, 1112071.885245901, 1187989.1639344261, 1174244.7704918021, 1121982.426229508, 1222840.8196721307, 1307815.032786885, 1291137.1639344255, 1220263.131147541, 1295273.5901639345, 1374995.1639344268, 1227104.1147540985, 1166112.8196721312, 1119856.262295082, 1256375.8852459008, 1261129.8852459036, 1143531.0983606563, 1204035.5901639333, 1268474.000000001, 1279312.1803278679, 1163877.2786885237, 1208245.8196721307, 1327526.6065573776, 1165681.540983608, 1193941.0163934426, 1339865.2295081962, 1127596.3442622952, 1345237.7049180309, 1194148.8852459013, 1264175.3278688518, 1295048.6393442627, 1267681.147540983, 1328524.9508196726, 1287867.147540983, 1217469.0491803277, 1355177.590163934, 1238822.3770491816, 1205638.8524590165, 1197724.7213114745, 1359799.0327868867, 1223294.459016392, 1234366.1803278667, 1250331.3278688516, 1213688.7213114747, 1316093.8852459034, 1173778.9508196735, 1235449.0983606547, 1207009.606557378, 1335612.0327868867, 1271301.8196721305, 1301679.3606557394, 1239619.950819671, 1255454.6885245896, 1224629.5901639333, 1296021.4262295081, 1304095.2622950824, 1236909.49180328, 1248296.4098360653, 1206034.9344262292, 1137685.3606557364, 1184772.0655737708, 1336875.6229508196, 1323415.3442622959, 1216449.2295081972, 1280030.9016393435, 1265584.491803281, 1259127.7540983616, 1276154.6885245913, 1213738.7213114733, 1165624.7868852438, 1175143.5901639352, 1265736.803278688, 1183916.8032786872, 1252057.6557377067, 1326806.9836065576, 1264874.5081967234, 1278257.737704917, 1239124.6393442627, 1287235.8032786876, 1300144.5081967202, 1319956.2622950817, 1267451.934426229, 1202643.8524590158, 1188183.639344261, 1252602.901639345, 1297748.950819673, 1320563.7377049187, 1311318.3278688518, 1057356.967213116, 1178838.62295082, 1152336.1311475404, 1261917.4590163927, 1200417.4754098358, 1262862.6393442627, 1190116.2131147524, 1318097.2131147548, 1250797.3114754118, 1231552.1639344255, 1259614.9180327866, 1272101.409836067, 1173846.3606557364, 1273364.1967213112, 1325710.0983606554, 1305718.3606557373, 1334439.7213114768, 1363181.9016393444, 1276633.5737704926, 1315279.3278688528, 1226183.5737704914, 1249544.8032786883, 1244965.4918032782, 1300474.2950819666, 1233791.2295081955, 1289340.7213114756, 1325956.4918032773, 1226096.8032786883, 1368052.1147540975, 1123680.3442622952, 1295919.5737704916, 1274320.8360655736, 1315340.4590163913, 1275321.7213114775, 1259171.3114754094, 1222979.1475409835, 1176721.8032786883, 1278595.409836065, 1275707.2950819668, 1262667.180327868, 1298574.9180327856, 1239699.4426229529, 1224276.0163934417, 1145990.1475409835, 1205801.5245901635, 1239412.278688525, 1148092.081967213, 1315961.1803278679, 1164668.9344262283, 1259696.5081967223, 1257096.8852459015, 1396725.8688524584, 1242065.9672131147, 1210349.5245901637]}"
DQN_Algorithm,instance_m10_j100_s8,"{'total_cost': 44183.47553985349, 'production_cost': 29270.0, 'transportation_cost': 14913.475539853494, 'computation_time': 3037.4791328907013, 'transport_feasible': True}","{'reward_curve': [2517950.6633663387, 2512644.603960396, 2426433.3069306943, 2692448.8613861385, 2472878.336633666, 2493660.792079204, 2499390.8613861394, 2461766.5049504945, 2476501.9108910887, 2515579.9207920777, 2412734.7821782185, 2417259.9405940557, 2523156.4455445562, 2401031.4455445544, 2500245.722772275, 2490901.178217826, 2540340.5049504912, 2540337.3168316865, 2490968.742574255, 2703682.772277229, 2457672.574257426, 2601424.861386141, 2461926.108910894, 2504035.0099009895, 2594711.3465346545, 2693257.277227722, 2424022.3465346536, 2382285.039603957, 2568902.3366336585, 2329135.9306930737, 2589998.920792083, 2688452.1782178213, 2572783.0099009955, 2635241.534653465, 2377792.6831683163, 2398208.910891088, 2423854.4752475224, 2487723.554455444, 2496524.7920792075, 2508289.039603957, 2571926.4851485146, 2629271.752475245, 2303654.9801980196, 2521362.2772277263, 2569865.9603960407, 2570657.000000001, 2449485.2475247523, 2614456.0297029684, 2649500.504950493, 2664889.1485148515, 2536249.128712868, 2421989.7722772253, 2689309.455445543, 2359960.7920792056, 2638446.297029702, 2523638.3861386157, 2471211.970297027, 2504582.980198015, 2499831.0396039616, 2550847.148514849, 2486282.97029703, 2467634.831683172, 2571161.4653465375, 2382888.5346534634, 2393995.7821782166, 2516660.3960396037, 2557452.267326734, 2574111.683168317, 2536440.4752475275, 2476655.2475247527, 2516248.5742574288, 2732612.564356432, 2553890.5346534597, 2865851.801980195, 2443208.029702971, 2409411.4158415864, 2545412.960396038, 2393793.801980199, 2577733.3267326728, 2664963.673267328, 2513687.0297029656, 2360144.9504950503, 2605134.831683171, 2718202.7326732697, 2597853.8712871284, 2779147.2079207893, 2734552.0594059434, 2448777.1386138606, 2295903.89108911, 2687926.2376237656, 2810599.9504950456, 2507987.861386132, 2474293.5247524767, 2757678.891089107, 2697977.0693069296, 2656873.396039604, 2593321.8415841577, 2608827.435643556, 2491041.4059405965, 2453107.6732673184, 2488884.039603958, 2744177.1485148505, 2635717.920792078, 2572368.9306930704, 2349252.1782178213, 2558733.267326735, 2397227.1089108884, 2537950.514851485, 2376420.3960396047, 2529826.5445544515, 2377228.4752475247, 2592620.8712871326, 2369212.9009900955, 2435389.8118811916, 2624593.05940594, 2655455.287128715, 2577490.3663366307, 2530318.227722769, 2550385.277227721, 2605549.188118815, 2358655.0495049492, 2511982.2772277235, 2627342.8217821796, 2670179.168316827, 2654493.1683168327, 2696256.6831683167, 2584908.8811881207, 2503487.3366336646, 2585753.4356435575, 2477954.693069303, 2368090.415841587, 2468971.6732673272, 2696903.1683168323, 2532942.891089114, 2719324.0792079223, 2498285.762376238, 2663699.2475247495, 2647325.851485148, 2756857.2277227715, 2553097.485148516, 2631821.930693067, 2725418.217821782, 2734999.653465345, 2710443.7128712847, 2729366.94059406, 2611287.6435643546, 2557459.2475247527, 2556605.3663366367, 2531767.683168316, 2519990.1188118826, 2578763.5049504945, 2711039.415841584, 2583655.3861386124, 2607047.712871284, 2687670.6930693104, 2525988.5247524735, 2499958.1485148533, 2307047.7326732697, 2609877.683168315, 2517741.198019798, 2811717.4059405997, 2728604.3861386143, 2371758.0198019794, 2679067.673267329, 2445846.4257425717, 2434248.8118811892, 2620839.9801980183, 2585595.9603960398, 2678614.4950495036, 2444819.8118811944, 2494889.594059405, 2464031.881188122, 2461289.4158415813, 2540576.8118811897, 2582178.0792079223, 2512644.168316829, 2545314.653465345, 2789079.396039602, 2694245.960396042, 2656050.425742577, 2602005.0495049544, 2853318.465346537, 2572621.287128709, 2605569.1386138573, 2546969.8316831705, 2793194.2079207934, 2636561.2673267317, 2619762.7722772234, 2639522.1485148515, 2571509.6831683144, 2526128.930693071, 2575905.0693069296, 2529935.5247524795, 2504256.4653465347, 2722021.009900986, 2668242.5940594063, 2540897.7524752463, 2510549.524752479, 2639605.6237623766, 2529426.069306932, 2678464.3762376253, 2491499.514851482, 2505744.9009900987, 2489666.6831683195, 2537376.8910891125, 2712661.326732673, 2520387.5148514877, 2457002.8415841605, 2439437.3663366362, 2513187.495049502, 2671387.1485148505, 2677417.0990099004, 2760108.2376237577, 2557846.6435643565, 2522525.9900990087, 2766478.7425742554, 2718808.910891093, 2745880.198019803, 2605337.9504950545, 2705724.762376243, 2594892.21782178, 2400910.8910891092, 2746300.6534653474, 2515749.9207920767, 2551751.9504950503, 2903856.5544554475, 2711747.881188115, 2569554.5247524744, 2723030.3366336636, 2606937.940594056, 2529238.5148514863, 2722228.227722776, 2755205.4158415855, 2455620.930693071, 2724737.712871281, 2429970.2277227705, 2753409.0891089104, 2858785.1980198035, 2801401.5346534634, 2719801.9108910854, 2705286.1386138634, 2705751.4554455453, 2666209.930693072, 2753009.534653465, 2623051.564356433, 2806604.3861386064, 2436417.5049505006, 2765853.2277227743, 2544275.7623762395, 2525575.544554453, 2551533.97029703, 2591724.4059405895, 2437000.752475249, 2601993.1485148505, 2624983.6435643556, 2436030.4950495055, 2471841.306930694, 2508067.277227722, 2591594.930693068, 2520011.1980198054, 2412138.960396042, 2700622.742574254, 2738310.108910893, 2505433.8316831687, 2750768.128712875, 2830168.564356436, 2731367.594059403, 2659728.2970297034, 2608733.6831683167, 2725227.8415841614, 2688631.4257425694, 2753253.5346534657, 2699767.5049504964, 2727253.7524752454, 2771975.871287129, 2684599.405940589, 2589702.950495051, 2797343.3960396065, 2516515.1584158437, 2428240.4752475247, 2561978.5346534667, 2481466.207920789, 2654544.2970297053, 2648485.4554455425, 2703687.544554457, 2488463.831683168, 2761951.8613861413, 2743656.3663366325, 2423929.7227722774, 2317531.4257425773, 2613493.009900994, 2788089.9801980196, 2708086.0396039602, 2754772.1881188145, 2529591.871287126, 2522158.881188117, 2521430.6336633624, 2692518.910891086, 2719238.2475247495, 2621099.287128707, 2725715.128712871, 2872525.019801986, 2625693.94059406, 2771086.079207917, 2723286.9603960393, 2733091.7920792084, 2904581.4059405937, 2631708.9504950517, 2702074.534653466, 2516985.3762376253, 2511813.7821782185, 2660464.7227722853, 2730988.5643564337, 2586972.6237623766, 2612137.306930692, 2715573.26732673, 2672276.504950497, 2505003.534653464, 2673856.7623762363, 2434469.158415848, 2569305.277227726, 2477007.4059405937, 2494952.2178217852, 2842598.643564358, 2621314.3366336646, 2357056.465346533, 2689254.3465346536, 2708122.4752475237, 2750583.811881187, 2593046.3663366344, 2588837.5643564337, 2552187.455445545, 2894459.821782176, 2804937.0594059373, 2751000.3960396037, 2575422.366336634, 2694607.811881187, 2686440.158415841, 2658198.0990099036, 2514353.8019801956, 2669943.079207923, 2841288.5940594072, 2742029.287128711, 2696818.4356435617, 2419345.504950493, 2878946.9207920786, 2616615.881188116, 2603583.207920788, 2705996.8514851453, 2563734.48514851, 2501480.0396039626, 2735389.039603956, 2643717.227722766, 2518712.6534653422, 2535906.564356437, 2505248.8118811897, 2563836.237623767, 2481636.3663366367, 2676196.623762374, 2771388.2376237637, 2618253.079207921, 2459739.415841588, 2732823.4653465305, 2539588.4257425717, 2539915.8217821764, 2687380.7227722774, 2711098.0693069305, 2564830.069306931, 2614363.9801980136, 2520704.2079207925, 2644390.5247524735, 2812423.821782177, 2746918.297029702, 2659123.6435643584, 2406098.277227727, 2601793.772277227, 2587904.297029704, 2446940.0792079237, 2706443.603960395, 2679423.237623761, 2656214.6435643607, 2792547.7920792084, 2836348.7128712833, 2614478.9900990133, 2612814.31683168, 2705400.45544554, 2618667.544554454, 2803523.3267326728, 2680667.148514851, 2514244.0495049465, 2806070.7326732688, 2592736.8613861403, 2750649.534653465, 2880564.831683166, 2656834.9306930746, 2406811.9405940594, 2774700.1386138615, 2850860.2970297025, 2621323.9801980234, 2954546.4257425754, 2596528.0792079223, 2567927.613861385, 2660554.8712871294, 2438830.485148514, 2662421.7425742573, 2627618.5742574246, 2823208.455445539, 2677071.831683168, 2759375.841584164, 2595134.2376237586, 2790781.544554456, 2394896.8415841577, 2578144.9207920777, 2714486.6534653516, 2619345.7920792107, 2814584.6930693104, 2698838.990099013, 2609392.6237623794, 2763373.287128711, 2726606.653465351, 2553702.326732674, 2677178.3960396084, 2580614.7128712866, 2568853.910891084, 2582275.3960396033, 2649013.5049504917, 2538027.1089108926, 2830951.6435643556, 2615673.4455445544, 2523116.227722772, 2531083.7029703013, 2664977.712871289, 2712029.990099011, 2765788.544554453, 2539374.316831683, 2538810.485148514, 2712256.8811881184, 2725086.9108910942, 2537338.178217818, 2706438.742574256, 2689041.9207920814, 2617228.5841584126, 2757762.1485148487, 2790615.356435646, 2631134.267326731, 2584283.148514852, 2687167.970297032, 2766133.4356435663, 2654612.039603957, 2524882.495049508, 2444244.009900986, 2621881.0693069356, 2706239.950495049, 2728029.544554458, 2657285.435643569, 2586111.0495049474, 2618031.217821786, 2511217.039603958, 2667282.3960396005, 2584923.514851485, 2620498.227722773, 2527230.0792079247, 2533879.297029703, 2686431.2376237637, 2903374.5148514835, 2680722.2772277286, 2876504.9504950503, 2710861.5742574236, 2621717.6930693057, 2731407.5346534676, 2722059.000000003, 2644047.7029702966, 2812358.2871287125, 2595552.5544554484, 2551154.762376237, 2518725.059405943, 2670348.06930693, 2664233.752475246, 2652038.1287128716, 2863989.435643564, 2403511.8316831677, 2629924.9801980215, 2802719.6435643537, 2639702.099009898, 2761134.069306931, 2577473.5247524786, 2587262.089108912, 2481023.415841589, 2816752.1782178204, 2584448.01980198, 2500686.3168316833, 2722376.6435643556, 2783333.980198021, 2617403.5049504903, 2647698.9801980196, 2963234.57425743, 2663665.8910891083, 2679579.4455445493, 2782058.396039606, 2915338.465346531]}"
DQN_Algorithm,instance_m10_j100_s9,"{'total_cost': 46048.306724684546, 'production_cost': 32540.0, 'transportation_cost': 13508.306724684544, 'computation_time': 3102.3770518302917, 'transport_feasible': True}","{'reward_curve': [3085122.772277227, 2973254.970297033, 2875083.603960394, 3001609.2277227733, 2906422.9405940655, 2879507.950495049, 2889458.613861387, 2897694.0297029745, 2907314.1089108894, 2882421.4554455457, 3171510.0198019864, 2792619.3861386124, 3178385.9900990035, 3118131.68316832, 3053992.9801980164, 2951124.613861388, 3083003.27722772, 3099744.6930693067, 2935817.0, 2878276.336633661, 3102278.356435635, 3254898.2079207925, 2986197.287128715, 3090731.2574257455, 2798064.5346534653, 3035824.0990099027, 3012537.168316832, 3057292.3069306943, 2940775.8415841614, 2919877.336633663, 2937204.4356435677, 3157454.8712871345, 2827845.6831683205, 3126451.1683168346, 3028757.148514852, 2788492.514851486, 3099806.8712871308, 3067529.5742574334, 2949063.059405943, 2801875.3564356416, 2859796.732673265, 3065980.653465344, 3040910.4059405955, 2860755.0693069273, 2923574.1287128683, 3089444.7029702985, 2988289.396039604, 3240173.2772277254, 3189845.2970297, 3016470.544554452, 3062341.792079207, 2959968.386138608, 3153284.950495052, 2894983.7722772276, 3136620.6930693057, 2944765.4455445544, 3147341.32673267, 2931676.277227724, 2953113.4554455443, 2947927.227722768, 3035651.27722772, 2971768.4950495046, 2992220.7722772243, 3311654.9108910863, 3044722.6237623733, 2830844.0891089044, 2982856.633663371, 3315950.6732673277, 2954994.8019801956, 3164595.3861386133, 3072499.9009900996, 3219010.3168316823, 3160307.821782176, 3115904.6534653488, 3008345.7524752533, 3066954.693069308, 3116719.6336633726, 3025409.564356437, 2954122.891089105, 2829121.554455445, 3078926.6336633754, 2882788.3465346512, 3259030.485148513, 3332141.7029702943, 3122531.5940594086, 3062449.465346537, 3022540.4752475284, 3076127.7524752463, 3129190.910891089, 2882625.5049504936, 2945454.8316831635, 3043349.1980197993, 3085848.138613858, 3058358.2079207893, 3141860.0693069315, 3104519.1089108908, 3054586.089108909, 3086243.5445544557, 2844842.732673263, 3063696.6039603977, 2999187.7722772276, 3098704.4059405965, 3172617.336633664, 2902320.960396039, 3030269.465346535, 3079154.722772273, 2877845.257425742, 2945825.089108909, 3089941.940594059, 3123226.861386147, 3117331.3762376257, 2901854.742574254, 3068904.1881188145, 3248959.6237623785, 2881058.7029702934, 3246571.3069306943, 2918444.2079207944, 3195908.38613861, 2903180.4158415864, 2942854.2376237637, 3030133.2277227677, 2974324.227722772, 3309340.2079207906, 2919556.3762376215, 2901151.396039606, 3046330.4059405965, 2899516.970297032, 3170778.0990098985, 2942145.6534653404, 3350435.5544554517, 3039663.871287127, 3094806.2772277207, 2998855.86138614, 3064735.0495049465, 2959277.673267328, 3095192.6336633675, 3039824.8019801974, 3159287.732673269, 2954979.1188118826, 3150109.079207922, 3072818.059405937, 2969224.069306928, 2964372.1485148487, 3185262.920792077, 2860331.9405940566, 3108235.039603961, 3320572.2178217852, 3159707.6831683167, 3099030.079207917, 2996546.3762376243, 3062059.8613861375, 3150409.306930695, 2899555.475247527, 3265303.6336633703, 3089508.0891089044, 2966334.1881188084, 3068956.178217819, 3065684.1188118868, 3034188.1881188117, 2964868.0891089113, 2806990.762376235, 3148118.168316833, 3139272.6732673296, 3055180.8613861417, 2866665.386138612, 2997714.148514854, 3342717.1089108894, 2903778.0792079195, 3248559.61386139, 2978179.534653465, 2840277.3960396065, 3138057.7623762344, 3297004.693069307, 3071699.5841584117, 3342367.5247524753, 2894899.1287128692, 2879287.0495049525, 3090267.623762379, 2956096.5841584182, 3046675.940594063, 3441742.1881188145, 3040699.346534657, 3057723.445544557, 3311767.158415843, 3112255.148514859, 3125699.8613861436, 3001624.534653472, 2899561.7326732664, 2953237.346534657, 3091617.7326732683, 3124245.811881183, 2967782.7227722807, 2808783.1881188103, 2923865.712871289, 2953540.7227722784, 3442244.6534653506, 3305857.7227722784, 3117297.2970297057, 3165521.653465347, 3265937.2277227724, 3186748.3564356454, 3212508.207920793, 3104827.970297033, 2964592.7920792103, 3028743.4554455453, 3124310.4554455415, 3028241.7128712945, 3052228.0891089085, 2983670.099009903, 2923956.2277227733, 3095661.3762376257, 3070146.049504949, 3116833.56435644, 2978880.881188121, 3121879.1188118854, 2948788.1584158414, 2934083.1881188178, 3044163.009900985, 2984506.009900989, 3061036.089108911, 3303192.287128716, 3085639.326732669, 3280050.9108910873, 2867873.42574257, 2911161.2079207944, 2872242.1683168323, 3024098.8019801974, 3193136.376237624, 3342581.8613861417, 3376931.168316837, 2940433.554455447, 3149851.900990103, 3149811.306930688, 3163867.0099009876, 3138398.3960396037, 2917344.4851485156, 3421709.386138615, 3273878.0990099073, 3059454.999999998, 3065085.3069306915, 2936565.039603958, 3038701.1683168346, 3371215.564356436, 3260424.2079207897, 2879207.900990098, 3084624.019801975, 3013201.801980196, 3136063.742574255, 3116465.0000000005, 2979211.2475247583, 2918993.237623765, 3199171.861386139, 3263022.10891089, 3212454.693069309, 2956343.5940594072, 3232609.930693073, 2959911.7029703013, 3162979.4356435617, 3005941.4950495064, 3164945.178217825, 3251946.9603960374, 3043344.118811886, 3153029.346534651, 3074434.227722772, 2989036.999999997, 3093049.6831683116, 3162703.108910895, 3242258.425742579, 3331048.15841584, 2998192.9801980234, 2999950.366336631, 3221049.1188118816, 3252449.158415841, 2908539.683168317, 3165501.2574257473, 2840386.960396036, 3068173.2574257455, 3116605.376237626, 2811830.4455445516, 3086334.2277227743, 3221329.079207919, 3112162.7128712833, 3007930.4059405937, 3298445.475247525, 3278923.6237623785, 2831836.554455448, 3220334.4059405895, 3194323.3069306887, 3342609.059405948, 3318237.554455441, 2968297.643564357, 2930694.8811881198, 3130796.019801975, 2944000.1980197974, 2998406.980198022, 3047741.63366336, 3226460.415841585, 3394388.7821782143, 3102959.5544554433, 3072899.693069306, 3192462.465346534, 3157590.1287128744, 3353567.633663363, 3281975.1287128725, 3162419.653465348, 3351246.643564355, 3343469.405940598, 3356131.1386138643, 3159742.2673267256, 3187273.3267326704, 3158875.7524752435, 2978950.336633661, 3118314.554455446, 3083320.257425744, 3195984.108910892, 3046110.316831686, 2877113.8712871256, 3016384.2574257385, 2981001.861386134, 3032721.6336633703, 3331712.7029702947, 3054224.7227722774, 3000848.65346535, 3136915.762376243, 2974050.9306930727, 3087730.980198022, 2860731.326732675, 3078139.782178214, 2998812.44554455, 3378783.88118812, 3216501.475247524, 3328103.039603962, 3045740.4356435672, 3230184.960396038, 3196889.91089109, 3201760.455445545, 2910516.26732673, 2945410.168316834, 3134952.3564356384, 3221245.0198019757, 3374880.7524752514, 3004305.762376234, 2708003.2970297025, 3092686.0396039602, 3097265.801980197, 3233049.762376238, 3011115.7524752524, 3141429.990099008, 3097316.188118815, 3100588.3960396, 2837934.930693074, 3206633.3762376215, 3166127.663366342, 3176509.8316831742, 3170604.3168316814, 3343321.4158415827, 2921130.297029705, 3022138.178217818, 3133909.5247524744, 2986201.2277227733, 3122352.059405933, 3095417.504950497, 3077004.9900990115, 3135417.1188118784, 2861700.831683169, 2886777.693069306, 2850671.3168316823, 2981363.6930693076, 2900309.0396039593, 3473208.673267327, 3187935.6435643574, 3175790.306930692, 3211787.2574257413, 3153699.2970296983, 3126738.64356436, 3067945.970297031, 3093389.792079206, 3127131.2772277268, 3154834.099009907, 3366205.732673269, 3141737.603960397, 2992511.693069305, 3135221.7722772253, 3197249.000000003, 2968818.990099006, 3151689.3861386147, 3193649.5148514886, 2832156.7425742564, 3265640.405940592, 3026154.8316831673, 3333687.1683168346, 3357153.801980201, 3259123.495049505, 3253639.900990099, 3138443.722772284, 3318142.346534652, 3209613.405940596, 3219072.594059403, 3212833.574257427, 3002557.633663368, 3297395.396039609, 2967858.871287127, 3087675.7326732706, 3284666.6633663415, 3266457.673267323, 2984910.534653468, 2921732.4950495036, 3198275.2970297057, 3237098.9306930644, 3183646.524752474, 3065945.5247524763, 3142321.089108911, 3175100.7425742582, 3014887.930693067, 3265185.0396039607, 3324176.772277228, 3182050.93069307, 3302605.0495049534, 3112594.1683168276, 3151909.7920792103, 3092872.356435643, 3262494.0594059383, 3208490.930693069, 3049774.7128712875, 2918906.0495049516, 2990075.495049508, 3266814.7227722807, 3264026.0792079205, 3262724.306930693, 3215542.217821784, 2996793.8613861403, 3176111.1188118774, 3368332.5247524753, 3158820.8712871238, 3026161.504950489, 2990778.762376238, 2960901.6732673245, 3262535.534653464, 3479904.1980198044, 3237096.0297029694, 3313145.069306928, 3001384.089108911, 2912237.841584158, 3417696.2475247527, 3131121.0495049465, 3323938.049504948, 2988638.1782178176, 3169797.4653465347, 3243422.495049502, 3009954.4950495027, 3171959.584158414, 3079776.3465346578, 3285920.7821782203, 3180512.78217822, 3135355.4554455453, 3107685.7227722816, 3056503.3564356393, 3123281.693069314, 2951055.405940595, 3203422.188118812, 3407671.376237627, 3361759.8613861375, 3227850.514851486, 3054737.504950493, 3179955.7623762363, 3203500.5742574283, 2980979.6336633665, 3114680.5544554438, 3303738.9900990045, 3216135.5643564356, 3061280.950495048, 3268210.326732677, 3074529.108910886, 3295546.267326728, 3168387.9306930676, 3009151.643564357, 3157034.831683163, 3271310.9900990133, 3223082.039603964, 3051854.821782182, 3169041.9702970292, 3299923.1485148505, 3297274.9306930723, 3067839.9801980187, 2994987.0891089165, 3335546.950495053, 3052773.148514846, 3154882.752475248, 3017480.1881188103, 3230268.306930694, 3119576.9108910933, 2977488.9009901015, 2999757.6039603916, 3344130.8118811846, 3182181.930693071, 3226948.960396046, 2893100.425742575, 3008692.118811883, 3262050.693069304, 3244567.0990099]}"
DQN_Algorithm,instance_m10_j100_s7,"{'total_cost': 57187.97490402819, 'production_cost': 38450.0, 'transportation_cost': 18737.97490402819, 'computation_time': 3103.6908507347107, 'transport_feasible': True}","{'reward_curve': [3360043.0000000033, 3371210.910891088, 3353445.158415844, 3372069.4158415827, 3393730.138613865, 3426243.316831684, 3313681.6336633684, 3338317.306930693, 3319735.2772277235, 3218705.653465349, 3409082.108910895, 3238651.31683169, 3218077.7920792126, 3375925.27722772, 3264407.3960396023, 3365095.0, 3403778.712871286, 3226291.574257426, 3105182.336633658, 3254463.198019802, 3332727.049504946, 3305653.2475247546, 3316536.465346536, 3199886.188118811, 3033686.099009903, 3166345.831683169, 3154830.326732672, 3319779.762376238, 3116176.2871287153, 3234479.0594059443, 3162849.9999999953, 3274999.0000000033, 3467746.267326743, 2945934.534653465, 3331113.6039604004, 3164986.504950497, 3163348.485148516, 3232552.8613861366, 3332419.742574249, 3388942.0792079223, 3123707.4653465315, 3341279.4653465333, 3369556.8217821787, 3257923.7722772267, 3278525.7920792047, 3367416.1188118802, 3422954.7425742596, 3057770.7524752556, 3250206.7524752463, 3326703.405940597, 3473462.782178219, 3328734.435643563, 3270346.356435646, 3234249.0099009858, 2925523.237623761, 3270892.336633665, 3209532.188118813, 3212546.7821782166, 3214878.772277224, 3328444.217821779, 3134226.663366342, 2996346.5643564425, 3144508.5742574222, 3349743.841584152, 3309718.128712869, 3450851.405940592, 3342800.405940593, 3290445.386138615, 3441729.6336633656, 3448237.6732673263, 3232933.3861386105, 3347402.3168316833, 3371619.5049504936, 3338535.673267325, 3362971.8910891116, 3392832.9207920795, 3169637.475247523, 3278835.128712876, 3338134.9108910877, 3300007.544554457, 3406951.8613861357, 3193000.2376237614, 3360815.6039603995, 3285473.4752475256, 3125883.267326731, 3359584.3564356384, 3245666.148514848, 3084271.306930693, 3426819.6039603986, 3179851.8019802007, 3239798.762376236, 3194869.227722766, 3451326.2178217806, 3320506.4950495036, 3436490.4752475284, 3453345.722772278, 3208969.0594059415, 3245942.2772277254, 3042819.821782177, 3133800.3465346484, 3453693.5841584164, 3293071.2574257394, 3144046.6831683186, 3550597.782178218, 3297724.792079202, 3403130.0990099027, 3457712.5841584103, 3229045.970297028, 3228683.6831683135, 3167085.2574257404, 3128862.8613861385, 3260867.168316832, 3336583.4059405937, 3432575.108910892, 3293359.2277227715, 3237253.059405939, 3374424.8712871303, 3088974.4455445516, 3078328.3465346536, 3085303.871287125, 3192779.564356437, 3286767.594059406, 3303066.62376238, 3201638.2079207934, 3029396.2772277216, 3273658.89108911, 3521954.7326732688, 3140975.86138614, 3596638.26732673, 3484268.603960396, 3304111.990099013, 3217902.1683168374, 3378007.435643571, 3277830.277227723, 3128131.178217825, 3245891.0396039607, 3284739.405940595, 3238095.881188121, 3105575.1881188108, 3121693.3564356416, 3375648.9504950526, 3222991.7425742634, 3353795.079207921, 3256159.5445544543, 3273127.0297029726, 3367078.2772277184, 3287729.544554452, 3221106.3267326695, 3368965.2376237623, 3160043.3663366344, 3128341.27722772, 3190540.0198019804, 3219733.346534651, 3295340.970297025, 3001043.8811881184, 3374024.3267326755, 3566228.475247524, 3352676.9801980215, 3189216.5544554447, 3176626.247524747, 3367744.9009900996, 3197671.5346534676, 3264467.108910888, 3400933.7524752486, 3130058.7722772304, 3201251.7425742582, 3317182.2178217857, 3381273.3861386077, 3168853.2871287162, 3264314.4752475256, 3476073.1782178218, 3329752.4356435677, 3300111.5940594086, 3368710.346534657, 3236295.732673267, 3428199.059405942, 3569067.376237624, 3477324.3069306887, 3313970.4752475317, 3441996.8019801956, 3205717.118811877, 3205914.2871287116, 3517235.52475247, 3292368.336633667, 3356092.2871287097, 3285739.3663366353, 3347184.326732669, 3648901.8118811874, 3313451.5148514872, 3595124.0495049483, 3344281.9801980206, 3361893.851485149, 3473191.9801980252, 3442264.04950495, 3226170.019801982, 3541400.198019804, 3253901.049504945, 3276534.1881188108, 3229810.4356435635, 3326538.6732673245, 3487914.3861386157, 3313279.69306931, 3221468.4752475317, 3357480.267326732, 3386318.1881188103, 3272172.009900988, 3324892.950495049, 3236859.029702971, 3163384.504950496, 3266168.6831683186, 3320883.8118811883, 3282218.326732672, 3252392.564356438, 3275468.920792079, 3026357.2376237633, 3198971.6732673296, 3330142.5247524767, 3306716.445544553, 3505230.0396039626, 3200945.158415834, 3252604.0297029694, 3277950.1980197965, 3229522.247524746, 3428666.0198019785, 3250248.009900986, 3346585.4455445562, 3428869.445544557, 3135983.7524752477, 3365377.445544552, 3263067.0396039593, 3304934.069306929, 3410227.9306930704, 3020720.841584157, 3277163.5742574236, 3233074.1584158433, 3355888.742574256, 3181635.118811885, 3171743.1287128734, 3224397.4554455387, 3490407.871287132, 3599668.168316835, 3283666.287128717, 3508339.3168316795, 3416452.7821782157, 3154128.0495049534, 3150593.5742574213, 3266316.8316831663, 3308342.1980198007, 3268130.7326732674, 3325795.9207920763, 3412258.673267325, 3460434.7623762367, 3521158.5940594054, 3438820.3168316847, 3272070.7227722756, 3378518.485148516, 3214916.297029704, 3326241.58415841, 3258515.871287125, 3461957.564356431, 3382063.544554461, 3313060.188118813, 3396796.663366331, 3161967.603960396, 3381017.564356427, 3359484.178217823, 3257104.237623763, 3262453.27722772, 3404565.8910891125, 3260733.0891089113, 3542411.435643564, 3257386.287128709, 3268402.089108905, 3250641.603960393, 3161492.99009901, 3330848.316831682, 3169671.3564356426, 3319361.0297029614, 3475513.3366336646, 3226040.5049504987, 3215504.9108910873, 3044892.257425741, 3477873.5148514854, 3289896.673267326, 3333666.8217821787, 3427057.4554455453, 3341414.0594059415, 3377447.7722772215, 3328395.6138613843, 3332321.2871287116, 3241558.0099009955, 3277866.128712867, 3180713.198019804, 3456106.495049506, 3279120.138613861, 3577339.7821782148, 3356924.5940594035, 3334031.7722772295, 3250228.2574257427, 3172697.3366336697, 3418071.9801980252, 3416122.980198023, 3144268.1287128692, 3337078.8514851504, 3502091.1980197965, 3277175.930693072, 3080201.96039604, 3334756.900990102, 3263536.257425739, 3322436.782178217, 3155318.00990099, 3222063.9603960374, 3396147.6336633638, 3383273.029702968, 3323680.336633666, 3115582.9603960346, 3329358.9702970325, 3211903.7128712796, 3428935.4257425726, 3265777.316831681, 3392027.0693069333, 3429346.9405940576, 3416924.1980198044, 3382076.891089104, 3187635.821782179, 3169231.207920792, 3261272.93069307, 3255416.3861386147, 3200924.841584155, 3172487.6732673245, 3370187.8019801998, 3278833.980198021, 3526142.8019801998, 3646743.099009903, 3255216.2475247574, 3290269.5544554465, 3544325.445544551, 3490564.099009902, 3241163.8613861464, 3233984.683168317, 3282069.0891089058, 3381213.2673267317, 3299654.306930693, 3205294.693069311, 3438327.2079207953, 3388266.46534653, 3244962.5445544566, 3320235.4455445586, 3401041.475247521, 3446275.247524753, 3657369.970297025, 3291589.2475247527, 3360808.326732672, 3202302.475247524, 3360395.8316831663, 3570186.990099007, 3310668.673267323, 3651760.900990096, 3407046.7920792075, 3564407.534653462, 3386376.9306930737, 3075270.5940594054, 3303483.1584158447, 3148386.752475242, 3367201.603960394, 2947034.980198023, 3275718.34653466, 3495765.188118807, 3709688.415841579, 3298391.5346534704, 3156725.9900990054, 3396857.2772277268, 3495909.0198019813, 3531143.8316831696, 3359757.6039603967, 3439573.3366336627, 3468099.584158412, 3504511.8019801993, 3590751.445544554, 3364210.693069307, 3574271.435643563, 3414806.425742574, 3397862.8514851476, 3413504.6039603935, 3335864.5049504917, 3127820.683168317, 3371221.93069307, 3321017.336633663, 3722285.0198019785, 3316971.1287128697, 3450561.1485148547, 3162011.544554455, 3339362.227722775, 3290318.6930693085, 3450583.534653464, 3311981.108910891, 3225052.148514851, 3242297.2178217857, 3480733.336633665, 3247413.386138619, 3344139.732673265, 3256652.851485144, 3078234.8811881165, 3251662.1881188103, 3479246.7722772285, 3083418.6138613885, 3290316.8316831663, 3342351.2871287134, 3607090.8316831663, 3324257.5544554507, 3220084.673267324, 3305524.9306930727, 3468934.2574257455, 3469865.029702971, 3515528.7029702975, 3210413.2178217797, 3452095.4653465343, 3183776.178217822, 3164932.1089108936, 3489576.099009901, 3270578.6930693085, 3276224.8415841605, 3354125.8613861334, 3267564.970297032, 3390299.3762376257, 3566532.108910887, 3437816.3663366367, 3206330.6336633656, 3487595.4653465343, 3194961.2673267354, 3424279.128712868, 3298773.138613865, 3286310.366336632, 3233964.000000006, 3389515.7128712893, 3329330.128712872, 3277520.9603960393, 3446523.3168316865, 3507974.356435651, 3604993.851485151, 3140046.3168316833, 3318719.722772274, 3191637.198019801, 3286076.8316831635, 3121413.0891089085, 3396641.6930693076, 3298332.811881184, 3287241.623762377, 3269680.9009901, 3431503.7623762344, 3496222.910891084, 3315090.396039609, 3329641.82178218, 3498634.4356435663, 3303769.0990099, 3601501.3663366367, 3266547.3168316856, 3176841.8415841595, 3208703.3465346536, 3294482.128712875, 3544836.722772279, 3259423.405940594, 3210643.534653467, 3506880.5841584164, 3302236.4257425773, 3480351.841584155, 3610734.0198019817, 3098878.0099009904, 3263448.0594059406, 3335152.039603961, 3329152.8613861413, 3237825.049504952, 3267671.059405942, 3345139.8811881253, 3570348.356435637, 3590053.554455445, 3394578.9504950535, 3491262.6435643486, 3378796.514851489, 3382166.4851485076, 3103576.534653461, 3378880.7326732688, 3285113.435643569, 3377688.970297028, 3368462.3267326783, 3396858.2475247537, 3336991.029702973, 3471351.3564356477, 3488873.257425748, 3383872.376237623, 3387808.9405940566, 3293803.069306934, 3056336.2079207953, 3493739.3960396033, 3257038.722772278, 3259978.2772277216, 3472005.1188118816, 3185146.999999997, 3265529.138613864, 3221890.267326736]}"
